{
"meta":{"test_sets":[],"test_metrics":[],"learn_metrics":[{"best_value":"Min","name":"MultiClass"}],"launch_mode":"Train","parameters":"","iteration_count":1000,"learn_sets":["learn"],"name":"experiment"},
"iterations":[
{"learn":[1.481338983],"iteration":0,"passed_time":0.149911557,"remaining_time":149.7616455},
{"learn":[1.360034456],"iteration":1,"passed_time":0.1562711896,"remaining_time":77.97932361},
{"learn":[1.26619677],"iteration":2,"passed_time":0.1608013113,"remaining_time":53.4396358},
{"learn":[1.176966991],"iteration":3,"passed_time":0.165439264,"remaining_time":41.19437674},
{"learn":[1.102143158],"iteration":4,"passed_time":0.1684448273,"remaining_time":33.52052063},
{"learn":[1.040411305],"iteration":5,"passed_time":0.1730014401,"remaining_time":28.66057191},
{"learn":[0.9775486815],"iteration":6,"passed_time":0.1767877166,"remaining_time":25.07860037},
{"learn":[0.9229641157],"iteration":7,"passed_time":0.1795268529,"remaining_time":22.26132975},
{"learn":[0.8702278024],"iteration":8,"passed_time":0.1829915288,"remaining_time":20.14940056},
{"learn":[0.8276280738],"iteration":9,"passed_time":0.1863235981,"remaining_time":18.44603621},
{"learn":[0.7955573406],"iteration":10,"passed_time":0.1899299692,"remaining_time":17.07643086},
{"learn":[0.7584762657],"iteration":11,"passed_time":0.1930549989,"remaining_time":15.89486158},
{"learn":[0.7183914869],"iteration":12,"passed_time":0.1958348667,"remaining_time":14.86838565},
{"learn":[0.6870292954],"iteration":13,"passed_time":0.198491783,"remaining_time":13.97949272},
{"learn":[0.6530533504],"iteration":14,"passed_time":0.2007715919,"remaining_time":13.1840012},
{"learn":[0.6243467372],"iteration":15,"passed_time":0.2032814359,"remaining_time":12.50180831},
{"learn":[0.6002477707],"iteration":16,"passed_time":0.2059203405,"remaining_time":11.90704087},
{"learn":[0.5743361839],"iteration":17,"passed_time":0.2084007144,"remaining_time":11.36941675},
{"learn":[0.5584520709],"iteration":18,"passed_time":0.2111567779,"remaining_time":10.90235785},
{"learn":[0.5379393751],"iteration":19,"passed_time":0.2137636722,"remaining_time":10.47441994},
{"learn":[0.5164999475],"iteration":20,"passed_time":0.2162662087,"remaining_time":10.08212468},
{"learn":[0.4946612957],"iteration":21,"passed_time":0.2190209974,"remaining_time":9.736478883},
{"learn":[0.4754499127],"iteration":22,"passed_time":0.2214192225,"remaining_time":9.405503495},
{"learn":[0.4552481046],"iteration":23,"passed_time":0.2236231947,"remaining_time":9.09400992},
{"learn":[0.4367718582],"iteration":24,"passed_time":0.2259237457,"remaining_time":8.811026081},
{"learn":[0.4201990864],"iteration":25,"passed_time":0.2282816836,"remaining_time":8.551783071},
{"learn":[0.4030253402],"iteration":26,"passed_time":0.2307479963,"remaining_time":8.31547409},
{"learn":[0.3870185392],"iteration":27,"passed_time":0.2329829819,"remaining_time":8.087837799},
{"learn":[0.3708054728],"iteration":28,"passed_time":0.2351810737,"remaining_time":7.874511123},
{"learn":[0.35535308],"iteration":29,"passed_time":0.237616844,"remaining_time":7.682944622},
{"learn":[0.3435019171],"iteration":30,"passed_time":0.2400344501,"remaining_time":7.503012328},
{"learn":[0.3324132334],"iteration":31,"passed_time":0.2427624021,"remaining_time":7.343562664},
{"learn":[0.3234477325],"iteration":32,"passed_time":0.245289947,"remaining_time":7.187738749},
{"learn":[0.3133669467],"iteration":33,"passed_time":0.2478098905,"remaining_time":7.0407163},
{"learn":[0.3037522537],"iteration":34,"passed_time":0.2509477233,"remaining_time":6.918987227},
{"learn":[0.2936080199],"iteration":35,"passed_time":0.2530453352,"remaining_time":6.775991755},
{"learn":[0.2831950934],"iteration":36,"passed_time":0.2559176612,"remaining_time":6.660775884},
{"learn":[0.2761495344],"iteration":37,"passed_time":0.2582094247,"remaining_time":6.536775436},
{"learn":[0.2690665748],"iteration":38,"passed_time":0.2603648418,"remaining_time":6.415656742},
{"learn":[0.2607855264],"iteration":39,"passed_time":0.2627364617,"remaining_time":6.305675081},
{"learn":[0.2524104465],"iteration":40,"passed_time":0.265018597,"remaining_time":6.198849623},
{"learn":[0.2456530132],"iteration":41,"passed_time":0.2669317009,"remaining_time":6.088584987},
{"learn":[0.2395788],"iteration":42,"passed_time":0.2691320038,"remaining_time":5.989751805},
{"learn":[0.2354202348],"iteration":43,"passed_time":0.2711051998,"remaining_time":5.890376615},
{"learn":[0.2284242885],"iteration":44,"passed_time":0.2733103721,"remaining_time":5.800253453},
{"learn":[0.2209112051],"iteration":45,"passed_time":0.2755057063,"remaining_time":5.713748779},
{"learn":[0.2155952056],"iteration":46,"passed_time":0.2773435881,"remaining_time":5.623583819},
{"learn":[0.211308915],"iteration":47,"passed_time":0.27910754,"remaining_time":5.535632877},
{"learn":[0.2056679522],"iteration":48,"passed_time":0.2812753725,"remaining_time":5.459038353},
{"learn":[0.2009226668],"iteration":49,"passed_time":0.2832211982,"remaining_time":5.381202767},
{"learn":[0.1950114992],"iteration":50,"passed_time":0.2850839086,"remaining_time":5.304796653},
{"learn":[0.1917537596],"iteration":51,"passed_time":0.2876118815,"remaining_time":5.24338584},
{"learn":[0.1872961843],"iteration":52,"passed_time":0.2899453092,"remaining_time":5.180720903},
{"learn":[0.1827561186],"iteration":53,"passed_time":0.2921304655,"remaining_time":5.117692969},
{"learn":[0.1786264255],"iteration":54,"passed_time":0.2941873334,"remaining_time":5.054673274},
{"learn":[0.1750752214],"iteration":55,"passed_time":0.2961619461,"remaining_time":4.992444234},
{"learn":[0.1698012641],"iteration":56,"passed_time":0.2985514327,"remaining_time":4.939193001},
{"learn":[0.1643982078],"iteration":57,"passed_time":0.3007897376,"remaining_time":4.885240222},
{"learn":[0.1601313491],"iteration":58,"passed_time":0.303058189,"remaining_time":4.833521285},
{"learn":[0.1564426017],"iteration":59,"passed_time":0.3055785405,"remaining_time":4.787397134},
{"learn":[0.1519280272],"iteration":60,"passed_time":0.3077870093,"remaining_time":4.737901668},
{"learn":[0.1478423655],"iteration":61,"passed_time":0.3095735959,"remaining_time":4.683548919},
{"learn":[0.1444279287],"iteration":62,"passed_time":0.312004902,"remaining_time":4.64045386},
{"learn":[0.1419746994],"iteration":63,"passed_time":0.3141944447,"remaining_time":4.595093754},
{"learn":[0.1389748198],"iteration":64,"passed_time":0.3163231973,"remaining_time":4.550187531},
{"learn":[0.1357247019],"iteration":65,"passed_time":0.3191621163,"remaining_time":4.516627525},
{"learn":[0.1324662971],"iteration":66,"passed_time":0.3212511439,"remaining_time":4.473542049},
{"learn":[0.1299264279],"iteration":67,"passed_time":0.3229787038,"remaining_time":4.426708117},
{"learn":[0.1269850432],"iteration":68,"passed_time":0.3250100189,"remaining_time":4.38528011},
{"learn":[0.1250084465],"iteration":69,"passed_time":0.3268382164,"remaining_time":4.342279161},
{"learn":[0.1226950438],"iteration":70,"passed_time":0.3287131821,"remaining_time":4.301049946},
{"learn":[0.1202145777],"iteration":71,"passed_time":0.3314008309,"remaining_time":4.271388487},
{"learn":[0.1184490522],"iteration":72,"passed_time":0.3338537972,"remaining_time":4.23948589},
{"learn":[0.1164887761],"iteration":73,"passed_time":0.3364030094,"remaining_time":4.209583604},
{"learn":[0.1141456323],"iteration":74,"passed_time":0.3382776055,"remaining_time":4.172090468},
{"learn":[0.1116760019],"iteration":75,"passed_time":0.3403945344,"remaining_time":4.138480918},
{"learn":[0.1092863496],"iteration":76,"passed_time":0.3426520646,"remaining_time":4.107374748},
{"learn":[0.1077223533],"iteration":77,"passed_time":0.3444992995,"remaining_time":4.072158387},
{"learn":[0.1057255671],"iteration":78,"passed_time":0.3465478622,"remaining_time":4.040133938},
{"learn":[0.1042194244],"iteration":79,"passed_time":0.3487873563,"remaining_time":4.011054598},
{"learn":[0.1023412627],"iteration":80,"passed_time":0.3511398367,"remaining_time":3.983919876},
{"learn":[0.1002826655],"iteration":81,"passed_time":0.3529620161,"remaining_time":3.951452814},
{"learn":[0.0985398223],"iteration":82,"passed_time":0.3546569398,"remaining_time":3.918318239},
{"learn":[0.09648563935],"iteration":83,"passed_time":0.3568215275,"remaining_time":3.891053799},
{"learn":[0.09478950102],"iteration":84,"passed_time":0.3586317318,"remaining_time":3.860565113},
{"learn":[0.09369341116],"iteration":85,"passed_time":0.3606350738,"remaining_time":3.832796017},
{"learn":[0.09188951508],"iteration":86,"passed_time":0.3628233717,"remaining_time":3.807560211},
{"learn":[0.09080961243],"iteration":87,"passed_time":0.3652565401,"remaining_time":3.785385961},
{"learn":[0.08916068866],"iteration":88,"passed_time":0.3670195622,"remaining_time":3.756795744},
{"learn":[0.08738683592],"iteration":89,"passed_time":0.3694325096,"remaining_time":3.735373153},
{"learn":[0.08620777423],"iteration":90,"passed_time":0.3711357835,"remaining_time":3.707279419},
{"learn":[0.0853017586],"iteration":91,"passed_time":0.3730929059,"remaining_time":3.682264767},
{"learn":[0.08408779068],"iteration":92,"passed_time":0.3755954416,"remaining_time":3.663065221},
{"learn":[0.08263932489],"iteration":93,"passed_time":0.3772492886,"remaining_time":3.636041015},
{"learn":[0.08120932821],"iteration":94,"passed_time":0.3791959655,"remaining_time":3.612340514},
{"learn":[0.0796301759],"iteration":95,"passed_time":0.3821846239,"remaining_time":3.598905209},
{"learn":[0.07824036187],"iteration":96,"passed_time":0.384217738,"remaining_time":3.57678987},
{"learn":[0.07718290828],"iteration":97,"passed_time":0.3862381583,"remaining_time":3.554967539},
{"learn":[0.07580755012],"iteration":98,"passed_time":0.3892934332,"remaining_time":3.542963468},
{"learn":[0.07473757192],"iteration":99,"passed_time":0.3912582951,"remaining_time":3.521324656},
{"learn":[0.07340759717],"iteration":100,"passed_time":0.3932769781,"remaining_time":3.500554488},
{"learn":[0.07234405116],"iteration":101,"passed_time":0.3958955495,"remaining_time":3.485433367},
{"learn":[0.0712371681],"iteration":102,"passed_time":0.3979566498,"remaining_time":3.465700144},
{"learn":[0.07006730591],"iteration":103,"passed_time":0.3996897573,"remaining_time":3.443480986},
{"learn":[0.06919767807],"iteration":104,"passed_time":0.4019204052,"remaining_time":3.425892978},
{"learn":[0.06831124627],"iteration":105,"passed_time":0.4036882219,"remaining_time":3.40469123},
{"learn":[0.06736501967],"iteration":106,"passed_time":0.4054540989,"remaining_time":3.383836545},
{"learn":[0.06658141172],"iteration":107,"passed_time":0.4081443432,"remaining_time":3.370969946},
{"learn":[0.06551396677],"iteration":108,"passed_time":0.4102017297,"remaining_time":3.353116891},
{"learn":[0.06445427336],"iteration":109,"passed_time":0.4124834858,"remaining_time":3.337366385},
{"learn":[0.06386505027],"iteration":110,"passed_time":0.4146819016,"remaining_time":3.321191086},
{"learn":[0.0627946354],"iteration":111,"passed_time":0.4167194238,"remaining_time":3.303989717},
{"learn":[0.06185989795],"iteration":112,"passed_time":0.4188150349,"remaining_time":3.287512708},
{"learn":[0.0609000574],"iteration":113,"passed_time":0.4206625473,"remaining_time":3.269359798},
{"learn":[0.06009710471],"iteration":114,"passed_time":0.4224264227,"remaining_time":3.250846818},
{"learn":[0.05945321015],"iteration":115,"passed_time":0.4245227846,"remaining_time":3.235156393},
{"learn":[0.05911614502],"iteration":116,"passed_time":0.4267718718,"remaining_time":3.220850964},
{"learn":[0.05823236191],"iteration":117,"passed_time":0.4290000428,"remaining_time":3.20659354},
{"learn":[0.05738391667],"iteration":118,"passed_time":0.4309151671,"remaining_time":3.190220691},
{"learn":[0.05674390212],"iteration":119,"passed_time":0.4325478392,"remaining_time":3.172017488},
{"learn":[0.05590139584],"iteration":120,"passed_time":0.4346806155,"remaining_time":3.157721166},
{"learn":[0.0553670423],"iteration":121,"passed_time":0.4367349281,"remaining_time":3.143059564},
{"learn":[0.05475745847],"iteration":122,"passed_time":0.4384666378,"remaining_time":3.126302775},
{"learn":[0.05415245808],"iteration":123,"passed_time":0.44037376,"remaining_time":3.11102753},
{"learn":[0.05341845],"iteration":124,"passed_time":0.4426160782,"remaining_time":3.098312547},
{"learn":[0.0529818957],"iteration":125,"passed_time":0.4448616922,"remaining_time":3.085786658},
{"learn":[0.05226254834],"iteration":126,"passed_time":0.4466387242,"remaining_time":3.070201624},
{"learn":[0.05183142627],"iteration":127,"passed_time":0.4484513446,"remaining_time":3.055074785},
{"learn":[0.05149664398],"iteration":128,"passed_time":0.4499990299,"remaining_time":3.038365543},
{"learn":[0.0509298573],"iteration":129,"passed_time":0.4518595385,"remaining_time":3.023983065},
{"learn":[0.05021566706],"iteration":130,"passed_time":0.4535547032,"remaining_time":3.00869494},
{"learn":[0.04977173338],"iteration":131,"passed_time":0.4550006042,"remaining_time":2.99197367},
{"learn":[0.04917756152],"iteration":132,"passed_time":0.4568104785,"remaining_time":2.977854774},
{"learn":[0.04867236468],"iteration":133,"passed_time":0.4588484456,"remaining_time":2.965393686},
{"learn":[0.04803721022],"iteration":134,"passed_time":0.4603728427,"remaining_time":2.949796362},
{"learn":[0.04751983402],"iteration":135,"passed_time":0.4620199135,"remaining_time":2.935185333},
{"learn":[0.04684225466],"iteration":136,"passed_time":0.4638955231,"remaining_time":2.922203186},
{"learn":[0.04636194371],"iteration":137,"passed_time":0.4658070806,"remaining_time":2.909606547},
{"learn":[0.04585058592],"iteration":138,"passed_time":0.467393606,"remaining_time":2.895150322},
{"learn":[0.04540002976],"iteration":139,"passed_time":0.4688875087,"remaining_time":2.880308982},
{"learn":[0.04490685683],"iteration":140,"passed_time":0.4706259802,"remaining_time":2.867146929},
{"learn":[0.04444873243],"iteration":141,"passed_time":0.4722218095,"remaining_time":2.853283891},
{"learn":[0.04404168576],"iteration":142,"passed_time":0.4739942048,"remaining_time":2.840650584},
{"learn":[0.04368907846],"iteration":143,"passed_time":0.4757177678,"remaining_time":2.827877842},
{"learn":[0.04328624566],"iteration":144,"passed_time":0.4774960779,"remaining_time":2.815580321},
{"learn":[0.04281473455],"iteration":145,"passed_time":0.4793137591,"remaining_time":2.803657194},
{"learn":[0.04246302865],"iteration":146,"passed_time":0.4807137667,"remaining_time":2.789447912},
{"learn":[0.04202054731],"iteration":147,"passed_time":0.4824027528,"remaining_time":2.777075307},
{"learn":[0.04173790983],"iteration":148,"passed_time":0.4838894117,"remaining_time":2.763690533},
{"learn":[0.04132633886],"iteration":149,"passed_time":0.4852944125,"remaining_time":2.750001671},
{"learn":[0.04091401582],"iteration":150,"passed_time":0.4868114176,"remaining_time":2.737105255},
{"learn":[0.040477476],"iteration":151,"passed_time":0.4884957253,"remaining_time":2.725291941},
{"learn":[0.0400829825],"iteration":152,"passed_time":0.4905388396,"remaining_time":2.715597367},
{"learn":[0.03967310462],"iteration":153,"passed_time":0.4921394926,"remaining_time":2.703571499},
{"learn":[0.03949472401],"iteration":154,"passed_time":0.4937301006,"remaining_time":2.691625387},
{"learn":[0.03924746226],"iteration":155,"passed_time":0.4952073403,"remaining_time":2.679198687},
{"learn":[0.03897371924],"iteration":156,"passed_time":0.4966557094,"remaining_time":2.666756452},
{"learn":[0.03853330581],"iteration":157,"passed_time":0.4982528632,"remaining_time":2.655246271},
{"learn":[0.03815587874],"iteration":158,"passed_time":0.4997230553,"remaining_time":2.643189242},
{"learn":[0.03779717661],"iteration":159,"passed_time":0.5011937896,"remaining_time":2.631267396},
{"learn":[0.03742984739],"iteration":160,"passed_time":0.5025930905,"remaining_time":2.619103124},
{"learn":[0.03695277368],"iteration":161,"passed_time":0.5042277959,"remaining_time":2.608289463},
{"learn":[0.03659380831],"iteration":162,"passed_time":0.5063269359,"remaining_time":2.599973284},
{"learn":[0.03636659975],"iteration":163,"passed_time":0.5080254185,"remaining_time":2.589690548},
{"learn":[0.03616303708],"iteration":164,"passed_time":0.5098450632,"remaining_time":2.580125017},
{"learn":[0.03584092672],"iteration":165,"passed_time":0.5116503225,"remaining_time":2.570580536},
{"learn":[0.03563548868],"iteration":166,"passed_time":0.513186983,"remaining_time":2.559788963},
{"learn":[0.03544641838],"iteration":167,"passed_time":0.5146650111,"remaining_time":2.548817198},
{"learn":[0.03522283435],"iteration":168,"passed_time":0.5160875966,"remaining_time":2.537685164},
{"learn":[0.03486047547],"iteration":169,"passed_time":0.5174815881,"remaining_time":2.526527753},
{"learn":[0.03451938799],"iteration":170,"passed_time":0.5189763821,"remaining_time":2.515973221},
{"learn":[0.034308047],"iteration":171,"passed_time":0.5209215956,"remaining_time":2.507692332},
{"learn":[0.03413984567],"iteration":172,"passed_time":0.5230486949,"remaining_time":2.500354166},
{"learn":[0.03389707049],"iteration":173,"passed_time":0.5248647616,"remaining_time":2.491599386},
{"learn":[0.03372058626],"iteration":174,"passed_time":0.5266826554,"remaining_time":2.482932518},
{"learn":[0.03346551477],"iteration":175,"passed_time":0.5283210034,"remaining_time":2.473502879},
{"learn":[0.0332616956],"iteration":176,"passed_time":0.5298443818,"remaining_time":2.463626702},
{"learn":[0.03289201837],"iteration":177,"passed_time":0.5315445457,"remaining_time":2.454660767},
{"learn":[0.03260131703],"iteration":178,"passed_time":0.5331868937,"remaining_time":2.445510837},
{"learn":[0.03233878644],"iteration":179,"passed_time":0.5347342972,"remaining_time":2.436011798},
{"learn":[0.03202483625],"iteration":180,"passed_time":0.5367374983,"remaining_time":2.428663045},
{"learn":[0.03168543468],"iteration":181,"passed_time":0.5385456241,"remaining_time":2.420496267},
{"learn":[0.0312991984],"iteration":182,"passed_time":0.5402515911,"remaining_time":2.411942896},
{"learn":[0.03111172624],"iteration":183,"passed_time":0.5421767665,"remaining_time":2.404436095},
{"learn":[0.03074601897],"iteration":184,"passed_time":0.5439899843,"remaining_time":2.396496417},
{"learn":[0.03046599555],"iteration":185,"passed_time":0.545457396,"remaining_time":2.387109249},
{"learn":[0.03021797509],"iteration":186,"passed_time":0.5468930456,"remaining_time":2.377668696},
{"learn":[0.02997089285],"iteration":187,"passed_time":0.5484303083,"remaining_time":2.368752183},
{"learn":[0.02977972266],"iteration":188,"passed_time":0.5499567807,"remaining_time":2.359867456},
{"learn":[0.02957482545],"iteration":189,"passed_time":0.5518456398,"remaining_time":2.352605096},
{"learn":[0.02937558796],"iteration":190,"passed_time":0.5535598717,"remaining_time":2.344659352},
{"learn":[0.02914367197],"iteration":191,"passed_time":0.5551325145,"remaining_time":2.336182665},
{"learn":[0.0289862158],"iteration":192,"passed_time":0.556841646,"remaining_time":2.32834823},
{"learn":[0.02879976703],"iteration":193,"passed_time":0.5584009503,"remaining_time":2.319954464},
{"learn":[0.02859949205],"iteration":194,"passed_time":0.5600360686,"remaining_time":2.31194377},
{"learn":[0.02843014049],"iteration":195,"passed_time":0.5615393581,"remaining_time":2.303457367},
{"learn":[0.02829626679],"iteration":196,"passed_time":0.563111679,"remaining_time":2.29532324},
{"learn":[0.02802008905],"iteration":197,"passed_time":0.5645472922,"remaining_time":2.286701658},
{"learn":[0.02776300679],"iteration":198,"passed_time":0.5659832149,"remaining_time":2.278153544},
{"learn":[0.027668352],"iteration":199,"passed_time":0.5676260198,"remaining_time":2.270504079},
{"learn":[0.02751826457],"iteration":200,"passed_time":0.5694805366,"remaining_time":2.263755964},
{"learn":[0.02736485013],"iteration":201,"passed_time":0.5711350195,"remaining_time":2.256266067},
{"learn":[0.02726489845],"iteration":202,"passed_time":0.5726002677,"remaining_time":2.248090706},
{"learn":[0.02710803322],"iteration":203,"passed_time":0.5742502439,"remaining_time":2.240701932},
{"learn":[0.02697421392],"iteration":204,"passed_time":0.5757224794,"remaining_time":2.232679859},
{"learn":[0.02679998014],"iteration":205,"passed_time":0.5772350424,"remaining_time":2.224876814},
{"learn":[0.02665283752],"iteration":206,"passed_time":0.5787583312,"remaining_time":2.217175636},
{"learn":[0.02651638773],"iteration":207,"passed_time":0.5804289929,"remaining_time":2.210095012},
{"learn":[0.02640542128],"iteration":208,"passed_time":0.5820742759,"remaining_time":2.202970107},
{"learn":[0.02625310381],"iteration":209,"passed_time":0.5841060891,"remaining_time":2.197351478},
{"learn":[0.02615376904],"iteration":210,"passed_time":0.5856362573,"remaining_time":2.189891029},
{"learn":[0.02594854715],"iteration":211,"passed_time":0.5872694704,"remaining_time":2.182869541},
{"learn":[0.02578392754],"iteration":212,"passed_time":0.5887507362,"remaining_time":2.175337227},
{"learn":[0.02561307963],"iteration":213,"passed_time":0.5904972707,"remaining_time":2.16883577},
{"learn":[0.02544866385],"iteration":214,"passed_time":0.5919445422,"remaining_time":2.161285887},
{"learn":[0.02527815948],"iteration":215,"passed_time":0.5934026268,"remaining_time":2.153831757},
{"learn":[0.02514367058],"iteration":216,"passed_time":0.5948557487,"remaining_time":2.146414983},
{"learn":[0.02492567107],"iteration":217,"passed_time":0.5966052526,"remaining_time":2.14011609},
{"learn":[0.02475317147],"iteration":218,"passed_time":0.5982434976,"remaining_time":2.133461971},
{"learn":[0.02460731292],"iteration":219,"passed_time":0.6002391807,"remaining_time":2.128120731},
{"learn":[0.02443276415],"iteration":220,"passed_time":0.6017278465,"remaining_time":2.12102259},
{"learn":[0.02425833553],"iteration":221,"passed_time":0.603396515,"remaining_time":2.114605805},
{"learn":[0.02409013304],"iteration":222,"passed_time":0.6049453899,"remaining_time":2.107814206},
{"learn":[0.02386340282],"iteration":223,"passed_time":0.6067039451,"remaining_time":2.10179581},
{"learn":[0.02364202645],"iteration":224,"passed_time":0.6082564953,"remaining_time":2.095105706},
{"learn":[0.02348799971],"iteration":225,"passed_time":0.6099386925,"remaining_time":2.08890508},
{"learn":[0.02330679499],"iteration":226,"passed_time":0.6115612863,"remaining_time":2.082541297},
{"learn":[0.02312982827],"iteration":227,"passed_time":0.6130919218,"remaining_time":2.075907735},
{"learn":[0.02298799474],"iteration":228,"passed_time":0.6149588733,"remaining_time":2.070451054},
{"learn":[0.02279377732],"iteration":229,"passed_time":0.6169013072,"remaining_time":2.065278289},
{"learn":[0.02265953669],"iteration":230,"passed_time":0.6183534797,"remaining_time":2.058501411},
{"learn":[0.02258656675],"iteration":231,"passed_time":0.6198945326,"remaining_time":2.05206466},
{"learn":[0.02244711531],"iteration":232,"passed_time":0.6216282288,"remaining_time":2.046304084},
{"learn":[0.02234286019],"iteration":233,"passed_time":0.6231211457,"remaining_time":2.039789733},
{"learn":[0.02220750922],"iteration":234,"passed_time":0.6247392674,"remaining_time":2.0337257},
{"learn":[0.02209055682],"iteration":235,"passed_time":0.6263193834,"remaining_time":2.027576309},
{"learn":[0.0219265594],"iteration":236,"passed_time":0.6278873675,"remaining_time":2.021426419},
{"learn":[0.02178596594],"iteration":237,"passed_time":0.6295444061,"remaining_time":2.015600157},
{"learn":[0.02168674591],"iteration":238,"passed_time":0.6312858986,"remaining_time":2.010077694},
{"learn":[0.02159863093],"iteration":239,"passed_time":0.6333326723,"remaining_time":2.005553462},
{"learn":[0.02146459583],"iteration":240,"passed_time":0.6353353056,"remaining_time":2.000910776},
{"learn":[0.0213787833],"iteration":241,"passed_time":0.6370775705,"remaining_time":1.995474374},
{"learn":[0.02127853323],"iteration":242,"passed_time":0.6385460821,"remaining_time":1.989215573},
{"learn":[0.02120456449],"iteration":243,"passed_time":0.6399755419,"remaining_time":1.98287504},
{"learn":[0.02107163935],"iteration":244,"passed_time":0.6414916781,"remaining_time":1.976841702},
{"learn":[0.02093847954],"iteration":245,"passed_time":0.6430582511,"remaining_time":1.97099968},
{"learn":[0.02087546938],"iteration":246,"passed_time":0.6445839648,"remaining_time":1.965067715},
{"learn":[0.02074818466],"iteration":247,"passed_time":0.6465949579,"remaining_time":1.960642775},
{"learn":[0.02064792755],"iteration":248,"passed_time":0.6483741149,"remaining_time":1.955537993},
{"learn":[0.02051675072],"iteration":249,"passed_time":0.6499341184,"remaining_time":1.949802355},
{"learn":[0.02043254331],"iteration":250,"passed_time":0.6514751373,"remaining_time":1.944043338},
{"learn":[0.02032613804],"iteration":251,"passed_time":0.6531197576,"remaining_time":1.938625312},
{"learn":[0.02024667353],"iteration":252,"passed_time":0.6545985605,"remaining_time":1.932747529},
{"learn":[0.02015874052],"iteration":253,"passed_time":0.6560053699,"remaining_time":1.926692937},
{"learn":[0.02008456947],"iteration":254,"passed_time":0.6574899255,"remaining_time":1.920901939},
{"learn":[0.01996350492],"iteration":255,"passed_time":0.658973605,"remaining_time":1.91514204},
{"learn":[0.01986714001],"iteration":256,"passed_time":0.6604656615,"remaining_time":1.909439636},
{"learn":[0.01971319445],"iteration":257,"passed_time":0.6619437193,"remaining_time":1.903729611},
{"learn":[0.01966977809],"iteration":258,"passed_time":0.6637284351,"remaining_time":1.898929616},
{"learn":[0.01957095064],"iteration":259,"passed_time":0.6652993442,"remaining_time":1.893544287},
{"learn":[0.01943887029],"iteration":260,"passed_time":0.6670116361,"remaining_time":1.888588502},
{"learn":[0.01930296855],"iteration":261,"passed_time":0.6685214627,"remaining_time":1.883087174},
{"learn":[0.01921953206],"iteration":262,"passed_time":0.6701536784,"remaining_time":1.877959167},
{"learn":[0.0191192382],"iteration":263,"passed_time":0.6716193735,"remaining_time":1.872393405},
{"learn":[0.01904173968],"iteration":264,"passed_time":0.673278455,"remaining_time":1.86739496},
{"learn":[0.01893699901],"iteration":265,"passed_time":0.6748008245,"remaining_time":1.86204438},
{"learn":[0.01883423055],"iteration":266,"passed_time":0.6763349808,"remaining_time":1.856754835},
{"learn":[0.01877225321],"iteration":267,"passed_time":0.6779128905,"remaining_time":1.85161282},
{"learn":[0.0186780751],"iteration":268,"passed_time":0.6795848424,"remaining_time":1.846752862},
{"learn":[0.01859074894],"iteration":269,"passed_time":0.6810830187,"remaining_time":1.84144668},
{"learn":[0.01847623035],"iteration":270,"passed_time":0.6826367602,"remaining_time":1.836318075},
{"learn":[0.01838548055],"iteration":271,"passed_time":0.6842836345,"remaining_time":1.831465022},
{"learn":[0.01828748163],"iteration":272,"passed_time":0.6859744408,"remaining_time":1.826752449},
{"learn":[0.01818608017],"iteration":273,"passed_time":0.6876665153,"remaining_time":1.822065292},
{"learn":[0.01810053448],"iteration":274,"passed_time":0.6891404957,"remaining_time":1.816824943},
{"learn":[0.01803908273],"iteration":275,"passed_time":0.6908317673,"remaining_time":1.812181882},
{"learn":[0.01795778834],"iteration":276,"passed_time":0.6923601521,"remaining_time":1.807134982},
{"learn":[0.01790796824],"iteration":277,"passed_time":0.6938758054,"remaining_time":1.802080329},
{"learn":[0.01781959405],"iteration":278,"passed_time":0.6956717268,"remaining_time":1.797775323},
{"learn":[0.01772126351],"iteration":279,"passed_time":0.6971205531,"remaining_time":1.792595708},
{"learn":[0.01765247482],"iteration":280,"passed_time":0.6986634763,"remaining_time":1.787683414},
{"learn":[0.0176010272],"iteration":281,"passed_time":0.7002298463,"remaining_time":1.782854715},
{"learn":[0.01751352734],"iteration":282,"passed_time":0.7021160427,"remaining_time":1.778859373},
{"learn":[0.01745422117],"iteration":283,"passed_time":0.7038359548,"remaining_time":1.774459661},
{"learn":[0.01738258979],"iteration":284,"passed_time":0.7052666509,"remaining_time":1.769353177},
{"learn":[0.01729399826],"iteration":285,"passed_time":0.7067245733,"remaining_time":1.764340368},
{"learn":[0.01724590213],"iteration":286,"passed_time":0.7082676659,"remaining_time":1.759563923},
{"learn":[0.01716524072],"iteration":287,"passed_time":0.7100805494,"remaining_time":1.755476914},
{"learn":[0.01710437344],"iteration":288,"passed_time":0.7117090016,"remaining_time":1.750951904},
{"learn":[0.01704161793],"iteration":289,"passed_time":0.7134156021,"remaining_time":1.746638198},
{"learn":[0.01698659971],"iteration":290,"passed_time":0.7150371785,"remaining_time":1.742135256},
{"learn":[0.01689459964],"iteration":291,"passed_time":0.7165544303,"remaining_time":1.737399098},
{"learn":[0.01681999496],"iteration":292,"passed_time":0.7181498028,"remaining_time":1.732873415},
{"learn":[0.0167544927],"iteration":293,"passed_time":0.7196369366,"remaining_time":1.728107746},
{"learn":[0.01665039128],"iteration":294,"passed_time":0.7212190527,"remaining_time":1.723591295},
{"learn":[0.01654749503],"iteration":295,"passed_time":0.7227631119,"remaining_time":1.719004158},
{"learn":[0.01649175633],"iteration":296,"passed_time":0.7243186252,"remaining_time":1.714464625},
{"learn":[0.01644242017],"iteration":297,"passed_time":0.726156863,"remaining_time":1.710611134},
{"learn":[0.01637291852],"iteration":298,"passed_time":0.7280104552,"remaining_time":1.706807121},
{"learn":[0.01630730738],"iteration":299,"passed_time":0.7297509411,"remaining_time":1.702752196},
{"learn":[0.01620800439],"iteration":300,"passed_time":0.7317180982,"remaining_time":1.699239039},
{"learn":[0.01614572007],"iteration":301,"passed_time":0.7334718633,"remaining_time":1.695242916},
{"learn":[0.01605423015],"iteration":302,"passed_time":0.7351652779,"remaining_time":1.691122768},
{"learn":[0.01600958006],"iteration":303,"passed_time":0.7369818895,"remaining_time":1.687300642},
{"learn":[0.01595467621],"iteration":304,"passed_time":0.7386648695,"remaining_time":1.683187162},
{"learn":[0.01589478348],"iteration":305,"passed_time":0.7402038475,"remaining_time":1.678762974},
{"learn":[0.01581804232],"iteration":306,"passed_time":0.7421900404,"remaining_time":1.675367095},
{"learn":[0.01575168456],"iteration":307,"passed_time":0.7441613782,"remaining_time":1.671946993},
{"learn":[0.01571143644],"iteration":308,"passed_time":0.7459133574,"remaining_time":1.668045728},
{"learn":[0.01566277268],"iteration":309,"passed_time":0.7475892257,"remaining_time":1.663988922},
{"learn":[0.01558822229],"iteration":310,"passed_time":0.7493628463,"remaining_time":1.660163991},
{"learn":[0.01553068114],"iteration":311,"passed_time":0.7510907113,"remaining_time":1.656251312},
{"learn":[0.01548883174],"iteration":312,"passed_time":0.7526588046,"remaining_time":1.652001913},
{"learn":[0.01542795687],"iteration":313,"passed_time":0.7543917881,"remaining_time":1.64812983},
{"learn":[0.01536740042],"iteration":314,"passed_time":0.7559856109,"remaining_time":1.643968709},
{"learn":[0.01531747691],"iteration":315,"passed_time":0.7578317764,"remaining_time":1.640370048},
{"learn":[0.01526644042],"iteration":316,"passed_time":0.7597754339,"remaining_time":1.636992496},
{"learn":[0.01522507635],"iteration":317,"passed_time":0.7615492354,"remaining_time":1.633259681},
{"learn":[0.01517800025],"iteration":318,"passed_time":0.7632253687,"remaining_time":1.629330646},
{"learn":[0.01512547275],"iteration":319,"passed_time":0.7650168892,"remaining_time":1.625660889},
{"learn":[0.01503367438],"iteration":320,"passed_time":0.7667060422,"remaining_time":1.621786301},
{"learn":[0.01494915946],"iteration":321,"passed_time":0.768385159,"remaining_time":1.617904155},
{"learn":[0.01486612469],"iteration":322,"passed_time":0.7702449712,"remaining_time":1.614414382},
{"learn":[0.01482300906],"iteration":323,"passed_time":0.7723027894,"remaining_time":1.611347795},
{"learn":[0.01476616453],"iteration":324,"passed_time":0.7744945243,"remaining_time":1.60856555},
{"learn":[0.01472004755],"iteration":325,"passed_time":0.7764112747,"remaining_time":1.605218402},
{"learn":[0.01467471651],"iteration":326,"passed_time":0.7782841571,"remaining_time":1.601789718},
{"learn":[0.01463855937],"iteration":327,"passed_time":0.779353046,"remaining_time":1.596723314},
{"learn":[0.01460430998],"iteration":328,"passed_time":0.7810255704,"remaining_time":1.592912334},
{"learn":[0.01454667236],"iteration":329,"passed_time":0.7827782408,"remaining_time":1.589277034},
{"learn":[0.01450216414],"iteration":330,"passed_time":0.7843962423,"remaining_time":1.585380925},
{"learn":[0.01445132747],"iteration":331,"passed_time":0.7859839469,"remaining_time":1.58143758},
{"learn":[0.01440354452],"iteration":332,"passed_time":0.7877049701,"remaining_time":1.577775421},
{"learn":[0.01435872326],"iteration":333,"passed_time":0.7898052705,"remaining_time":1.574881168},
{"learn":[0.01429076571],"iteration":334,"passed_time":0.7916760507,"remaining_time":1.571536041},
{"learn":[0.01425827916],"iteration":335,"passed_time":0.7932584971,"remaining_time":1.567629887},
{"learn":[0.01421087954],"iteration":336,"passed_time":0.7950650081,"remaining_time":1.564178339},
{"learn":[0.0141632148],"iteration":337,"passed_time":0.7967972515,"remaining_time":1.560591067},
{"learn":[0.01412038732],"iteration":338,"passed_time":0.7987004697,"remaining_time":1.557348113},
{"learn":[0.01408264106],"iteration":339,"passed_time":0.8003457131,"remaining_time":1.553612267},
{"learn":[0.01402753524],"iteration":340,"passed_time":0.801948795,"remaining_time":1.549807202},
{"learn":[0.01397222148],"iteration":341,"passed_time":0.8036476351,"remaining_time":1.546199251},
{"learn":[0.01393762722],"iteration":342,"passed_time":0.8057274441,"remaining_time":1.54333216},
{"learn":[0.01389918684],"iteration":343,"passed_time":0.8074144169,"remaining_time":1.539720516},
{"learn":[0.01385639592],"iteration":344,"passed_time":0.8089584697,"remaining_time":1.535848689},
{"learn":[0.01379939254],"iteration":345,"passed_time":0.810706774,"remaining_time":1.532376388},
{"learn":[0.01374086251],"iteration":346,"passed_time":0.8122860196,"remaining_time":1.528595881},
{"learn":[0.01369276667],"iteration":347,"passed_time":0.8138210712,"remaining_time":1.524745225},
{"learn":[0.01363776743],"iteration":348,"passed_time":0.8155442125,"remaining_time":1.521258689},
{"learn":[0.01358331957],"iteration":349,"passed_time":0.8173701766,"remaining_time":1.517973185},
{"learn":[0.01353609684],"iteration":350,"passed_time":0.8190369435,"remaining_time":1.514401642},
{"learn":[0.01348626054],"iteration":351,"passed_time":0.8210907344,"remaining_time":1.511553397},
{"learn":[0.01345267673],"iteration":352,"passed_time":0.8228368432,"remaining_time":1.508145715},
{"learn":[0.01340308918],"iteration":353,"passed_time":0.8244536043,"remaining_time":1.50451138},
{"learn":[0.01336677417],"iteration":354,"passed_time":0.826178431,"remaining_time":1.501084755},
{"learn":[0.0132971293],"iteration":355,"passed_time":0.8279484438,"remaining_time":1.497749432},
{"learn":[0.01325702757],"iteration":356,"passed_time":0.8296817784,"remaining_time":1.494356817},
{"learn":[0.01320668138],"iteration":357,"passed_time":0.8321383227,"remaining_time":1.4922704},
{"learn":[0.01315322253],"iteration":358,"passed_time":0.8338495115,"remaining_time":1.488851078},
{"learn":[0.01310900295],"iteration":359,"passed_time":0.8359587606,"remaining_time":1.486148908},
{"learn":[0.01305677761],"iteration":360,"passed_time":0.8379228718,"remaining_time":1.483193116},
{"learn":[0.01300130387],"iteration":361,"passed_time":0.8396813192,"remaining_time":1.479880336},
{"learn":[0.01297472124],"iteration":362,"passed_time":0.8415837546,"remaining_time":1.476828792},
{"learn":[0.01292883913],"iteration":363,"passed_time":0.8433434705,"remaining_time":1.473534196},
{"learn":[0.01285589563],"iteration":364,"passed_time":0.8451189902,"remaining_time":1.470275503},
{"learn":[0.01281640033],"iteration":365,"passed_time":0.8469892639,"remaining_time":1.467189053},
{"learn":[0.01277468265],"iteration":366,"passed_time":0.8486681304,"remaining_time":1.463779091},
{"learn":[0.01274790738],"iteration":367,"passed_time":0.8504029978,"remaining_time":1.460474714},
{"learn":[0.01270061611],"iteration":368,"passed_time":0.8526245388,"remaining_time":1.458011068},
{"learn":[0.01263852646],"iteration":369,"passed_time":0.8544692071,"remaining_time":1.454907028},
{"learn":[0.0125900037],"iteration":370,"passed_time":0.8563027677,"remaining_time":1.451790946},
{"learn":[0.01256622677],"iteration":371,"passed_time":0.8580153407,"remaining_time":1.448477511},
{"learn":[0.01253925785],"iteration":372,"passed_time":0.8595571688,"remaining_time":1.444885643},
{"learn":[0.01248042455],"iteration":373,"passed_time":0.8613823228,"remaining_time":1.441778968},
{"learn":[0.01244402468],"iteration":374,"passed_time":0.8632970455,"remaining_time":1.438828409},
{"learn":[0.01239116964],"iteration":375,"passed_time":0.8650693776,"remaining_time":1.435647052},
{"learn":[0.01234663009],"iteration":376,"passed_time":0.8666709179,"remaining_time":1.432190933},
{"learn":[0.01231162264],"iteration":377,"passed_time":0.8690278757,"remaining_time":1.429987668},
{"learn":[0.01227829193],"iteration":378,"passed_time":0.8707268916,"remaining_time":1.42670554},
{"learn":[0.0122453619],"iteration":379,"passed_time":0.8725340128,"remaining_time":1.423608126},
{"learn":[0.01219403307],"iteration":380,"passed_time":0.8741782756,"remaining_time":1.420252894},
{"learn":[0.01215885558],"iteration":381,"passed_time":0.875894596,"remaining_time":1.417023195},
{"learn":[0.01212969958],"iteration":382,"passed_time":0.8775350276,"remaining_time":1.413679144},
{"learn":[0.01209865105],"iteration":383,"passed_time":0.8790769683,"remaining_time":1.41018597},
{"learn":[0.01205548806],"iteration":384,"passed_time":0.8808255661,"remaining_time":1.407033047},
{"learn":[0.01201932057],"iteration":385,"passed_time":0.8825805776,"remaining_time":1.403897603},
{"learn":[0.01199108157],"iteration":386,"passed_time":0.8848212361,"remaining_time":1.401538547},
{"learn":[0.01194687711],"iteration":387,"passed_time":0.8866189425,"remaining_time":1.398481425},
{"learn":[0.0119110434],"iteration":388,"passed_time":0.8883819558,"remaining_time":1.395376285},
{"learn":[0.0118762702],"iteration":389,"passed_time":0.890012957,"remaining_time":1.392071548},
{"learn":[0.0118511186],"iteration":390,"passed_time":0.8918171644,"remaining_time":1.389045149},
{"learn":[0.01179867401],"iteration":391,"passed_time":0.893383888,"remaining_time":1.385656643},
{"learn":[0.01177048433],"iteration":392,"passed_time":0.8949679805,"remaining_time":1.382304235},
{"learn":[0.01173039277],"iteration":393,"passed_time":0.8966338966,"remaining_time":1.379086653},
{"learn":[0.01170737127],"iteration":394,"passed_time":0.8983181094,"remaining_time":1.375904952},
{"learn":[0.01168477581],"iteration":395,"passed_time":0.9004260471,"remaining_time":1.373377102},
{"learn":[0.01163185319],"iteration":396,"passed_time":0.9019505331,"remaining_time":1.369965167},
{"learn":[0.01159722564],"iteration":397,"passed_time":0.9035867077,"remaining_time":1.366731653},
{"learn":[0.01154391872],"iteration":398,"passed_time":0.9059491338,"remaining_time":1.364600074},
{"learn":[0.01150140524],"iteration":399,"passed_time":0.9076303716,"remaining_time":1.361445557},
{"learn":[0.01145746445],"iteration":400,"passed_time":0.909230454,"remaining_time":1.358177162},
{"learn":[0.01141930606],"iteration":401,"passed_time":0.9107007955,"remaining_time":1.354724069},
{"learn":[0.01138344538],"iteration":402,"passed_time":0.9121825654,"remaining_time":1.351297746},
{"learn":[0.01133998038],"iteration":403,"passed_time":0.913636551,"remaining_time":1.34784006},
{"learn":[0.01131682109],"iteration":404,"passed_time":0.9155968115,"remaining_time":1.345136056},
{"learn":[0.01127910525],"iteration":405,"passed_time":0.9170474933,"remaining_time":1.341690175},
{"learn":[0.01123442357],"iteration":406,"passed_time":0.9185553283,"remaining_time":1.33833737},
{"learn":[0.01119336304],"iteration":407,"passed_time":0.9201809468,"remaining_time":1.335164511},
{"learn":[0.01115810017],"iteration":408,"passed_time":0.9219037522,"remaining_time":1.332139652},
{"learn":[0.01112943046],"iteration":409,"passed_time":0.9236658678,"remaining_time":1.329177712},
{"learn":[0.0111091791],"iteration":410,"passed_time":0.9253184715,"remaining_time":1.326064671},
{"learn":[0.01107185378],"iteration":411,"passed_time":0.9268445792,"remaining_time":1.322778186},
{"learn":[0.0110522917],"iteration":412,"passed_time":0.9283398922,"remaining_time":1.319456457},
{"learn":[0.01100785205],"iteration":413,"passed_time":0.9299610798,"remaining_time":1.316321722},
{"learn":[0.01097101062],"iteration":414,"passed_time":0.9321145709,"remaining_time":1.313944636},
{"learn":[0.01093915074],"iteration":415,"passed_time":0.9338786509,"remaining_time":1.311021952},
{"learn":[0.01091298729],"iteration":416,"passed_time":0.9356694129,"remaining_time":1.308142129},
{"learn":[0.01087922365],"iteration":417,"passed_time":0.9373653097,"remaining_time":1.305135431},
{"learn":[0.01084909374],"iteration":418,"passed_time":0.9389647286,"remaining_time":1.302001211},
{"learn":[0.01083158698],"iteration":419,"passed_time":0.9405094461,"remaining_time":1.298798759},
{"learn":[0.01079687847],"iteration":420,"passed_time":0.9422630242,"remaining_time":1.295891428},
{"learn":[0.01077173884],"iteration":421,"passed_time":0.9437716035,"remaining_time":1.292653997},
{"learn":[0.01074210834],"iteration":422,"passed_time":0.9455750357,"remaining_time":1.28982694},
{"learn":[0.01072046121],"iteration":423,"passed_time":0.9476701171,"remaining_time":1.287400914},
{"learn":[0.01068760076],"iteration":424,"passed_time":0.9492949445,"remaining_time":1.284340219},
{"learn":[0.01065785238],"iteration":425,"passed_time":0.9508912498,"remaining_time":1.281247834},
{"learn":[0.01061800229],"iteration":426,"passed_time":0.9525551142,"remaining_time":1.278253116},
{"learn":[0.01058348675],"iteration":427,"passed_time":0.9543337964,"remaining_time":1.275418064},
{"learn":[0.01056835645],"iteration":428,"passed_time":0.9559999531,"remaining_time":1.272438166},
{"learn":[0.01052429173],"iteration":429,"passed_time":0.9580410542,"remaining_time":1.269961397},
{"learn":[0.010493516],"iteration":430,"passed_time":0.9595476235,"remaining_time":1.266780969},
{"learn":[0.01046305528],"iteration":431,"passed_time":0.9610533871,"remaining_time":1.263607231},
{"learn":[0.01042506435],"iteration":432,"passed_time":0.9630477933,"remaining_time":1.26108106},
{"learn":[0.01040289955],"iteration":433,"passed_time":0.9647712033,"remaining_time":1.25820392},
{"learn":[0.01037537453],"iteration":434,"passed_time":0.9665331852,"remaining_time":1.255382183},
{"learn":[0.01036195624],"iteration":435,"passed_time":0.9681745222,"remaining_time":1.252409244},
{"learn":[0.01033522041],"iteration":436,"passed_time":0.9698831499,"remaining_time":1.249529092},
{"learn":[0.0103158682],"iteration":437,"passed_time":0.9715158821,"remaining_time":1.246556908},
{"learn":[0.01028430687],"iteration":438,"passed_time":0.9732428186,"remaining_time":1.24371121},
{"learn":[0.01025659796],"iteration":439,"passed_time":0.9748614147,"remaining_time":1.24073271},
{"learn":[0.01021726308],"iteration":440,"passed_time":0.9765138551,"remaining_time":1.237803277},
{"learn":[0.01019340649],"iteration":441,"passed_time":0.9786886059,"remaining_time":1.235539009},
{"learn":[0.01016464857],"iteration":442,"passed_time":0.9805045232,"remaining_time":1.232823972},
{"learn":[0.01013057348],"iteration":443,"passed_time":0.9822495421,"remaining_time":1.230024201},
{"learn":[0.01009205345],"iteration":444,"passed_time":0.9838560792,"remaining_time":1.227056458},
{"learn":[0.0100658392],"iteration":445,"passed_time":0.9855859506,"remaining_time":1.224248019},
{"learn":[0.01004033928],"iteration":446,"passed_time":0.9871991929,"remaining_time":1.22130012},
{"learn":[0.01001343218],"iteration":447,"passed_time":0.9887917293,"remaining_time":1.218332666},
{"learn":[0.009982310518],"iteration":448,"passed_time":0.9903351642,"remaining_time":1.215311081},
{"learn":[0.009945888242],"iteration":449,"passed_time":0.991978233,"remaining_time":1.21241784},
{"learn":[0.009920363336],"iteration":450,"passed_time":0.9939040899,"remaining_time":1.20987438},
{"learn":[0.009883864131],"iteration":451,"passed_time":0.9957722682,"remaining_time":1.207263723},
{"learn":[0.009856614692],"iteration":452,"passed_time":0.9975654292,"remaining_time":1.204565761},
{"learn":[0.009830068432],"iteration":453,"passed_time":0.9993834186,"remaining_time":1.201901644},
{"learn":[0.009803595117],"iteration":454,"passed_time":1.001104389,"remaining_time":1.199125037},
{"learn":[0.009768193903],"iteration":455,"passed_time":1.002824047,"remaining_time":1.196351494},
{"learn":[0.009737331974],"iteration":456,"passed_time":1.00482892,"remaining_time":1.193921452},
{"learn":[0.00971902114],"iteration":457,"passed_time":1.006532252,"remaining_time":1.19113642},
{"learn":[0.009702304034],"iteration":458,"passed_time":1.008169264,"remaining_time":1.188277934},
{"learn":[0.009659690104],"iteration":459,"passed_time":1.010146785,"remaining_time":1.185824486},
{"learn":[0.009628979278],"iteration":460,"passed_time":1.011894328,"remaining_time":1.183104214},
{"learn":[0.009611042628],"iteration":461,"passed_time":1.013513848,"remaining_time":1.18023907},
{"learn":[0.009587828497],"iteration":462,"passed_time":1.015138487,"remaining_time":1.177385243},
{"learn":[0.009570145035],"iteration":463,"passed_time":1.016745671,"remaining_time":1.174516551},
{"learn":[0.009530840076],"iteration":464,"passed_time":1.018342445,"remaining_time":1.171641308},
{"learn":[0.009507632157],"iteration":465,"passed_time":1.020054349,"remaining_time":1.168903481},
{"learn":[0.009483902684],"iteration":466,"passed_time":1.02189777,"remaining_time":1.166320153},
{"learn":[0.009469062018],"iteration":467,"passed_time":1.023547181,"remaining_time":1.163519445},
{"learn":[0.009441514288],"iteration":468,"passed_time":1.025250333,"remaining_time":1.160784492},
{"learn":[0.009408258287],"iteration":469,"passed_time":1.0271194,"remaining_time":1.158241026},
{"learn":[0.009388633289],"iteration":470,"passed_time":1.028762559,"remaining_time":1.155446696},
{"learn":[0.009366187073],"iteration":471,"passed_time":1.030473099,"remaining_time":1.152732619},
{"learn":[0.009338732189],"iteration":472,"passed_time":1.032451736,"remaining_time":1.15032149},
{"learn":[0.009313112335],"iteration":473,"passed_time":1.034067559,"remaining_time":1.147509569},
{"learn":[0.009275889915],"iteration":474,"passed_time":1.03558231,"remaining_time":1.144590974},
{"learn":[0.009249661577],"iteration":475,"passed_time":1.037360859,"remaining_time":1.141968676},
{"learn":[0.009218813333],"iteration":476,"passed_time":1.039136452,"remaining_time":1.139346676},
{"learn":[0.00919771398],"iteration":477,"passed_time":1.041092981,"remaining_time":1.136925808},
{"learn":[0.009177962367],"iteration":478,"passed_time":1.042595687,"remaining_time":1.134013263},
{"learn":[0.009151171907],"iteration":479,"passed_time":1.044378474,"remaining_time":1.131410013},
{"learn":[0.009122456713],"iteration":480,"passed_time":1.046001021,"remaining_time":1.128637276},
{"learn":[0.009104448836],"iteration":481,"passed_time":1.047488311,"remaining_time":1.125723952},
{"learn":[0.009074023523],"iteration":482,"passed_time":1.049329996,"remaining_time":1.123195876},
{"learn":[0.009065323355],"iteration":483,"passed_time":1.050819713,"remaining_time":1.120295397},
{"learn":[0.009047487397],"iteration":484,"passed_time":1.052426939,"remaining_time":1.117525513},
{"learn":[0.009025683445],"iteration":485,"passed_time":1.053987441,"remaining_time":1.114710997},
{"learn":[0.00900890201],"iteration":486,"passed_time":1.05572738,"remaining_time":1.112090649},
{"learn":[0.008986985324],"iteration":487,"passed_time":1.057541138,"remaining_time":1.109551358},
{"learn":[0.008968185113],"iteration":488,"passed_time":1.05942956,"remaining_time":1.107093058},
{"learn":[0.008954555998],"iteration":489,"passed_time":1.061010893,"remaining_time":1.10431746},
{"learn":[0.008941815162],"iteration":490,"passed_time":1.062863556,"remaining_time":1.101828004},
{"learn":[0.008924041414],"iteration":491,"passed_time":1.064483496,"remaining_time":1.099100845},
{"learn":[0.008894308569],"iteration":492,"passed_time":1.066251422,"remaining_time":1.096530367},
{"learn":[0.008868444601],"iteration":493,"passed_time":1.06789468,"remaining_time":1.093835441},
{"learn":[0.008854586158],"iteration":494,"passed_time":1.069668358,"remaining_time":1.091277819},
{"learn":[0.00884297873],"iteration":495,"passed_time":1.071339238,"remaining_time":1.088618903},
{"learn":[0.008817662016],"iteration":496,"passed_time":1.073254207,"remaining_time":1.086210998},
{"learn":[0.008800963229],"iteration":497,"passed_time":1.075013979,"remaining_time":1.083648629},
{"learn":[0.008770753495],"iteration":498,"passed_time":1.076774473,"remaining_time":1.081090202},
{"learn":[0.00875560263],"iteration":499,"passed_time":1.078625968,"remaining_time":1.078625968},
{"learn":[0.008735406784],"iteration":500,"passed_time":1.080177776,"remaining_time":1.075865689},
{"learn":[0.008721816172],"iteration":501,"passed_time":1.082011507,"remaining_time":1.073389901},
{"learn":[0.008698691936],"iteration":502,"passed_time":1.083761551,"remaining_time":1.070833978},
{"learn":[0.008665746587],"iteration":503,"passed_time":1.085719377,"remaining_time":1.068485736},
{"learn":[0.00865026343],"iteration":504,"passed_time":1.087489186,"remaining_time":1.065954747},
{"learn":[0.008632251763],"iteration":505,"passed_time":1.089291105,"remaining_time":1.063458114},
{"learn":[0.008608597204],"iteration":506,"passed_time":1.090903537,"remaining_time":1.060779968},
{"learn":[0.008579708711],"iteration":507,"passed_time":1.092345471,"remaining_time":1.057940889},
{"learn":[0.008558356876],"iteration":508,"passed_time":1.094045661,"remaining_time":1.055356423},
{"learn":[0.008534166317],"iteration":509,"passed_time":1.095848136,"remaining_time":1.052873699},
{"learn":[0.008509718822],"iteration":510,"passed_time":1.097822118,"remaining_time":1.05055776},
{"learn":[0.008491451833],"iteration":511,"passed_time":1.09992198,"remaining_time":1.048363137},
{"learn":[0.008476060829],"iteration":512,"passed_time":1.102311978,"remaining_time":1.046444314},
{"learn":[0.00845884081],"iteration":513,"passed_time":1.104268574,"remaining_time":1.044113866},
{"learn":[0.008446758286],"iteration":514,"passed_time":1.105927965,"remaining_time":1.041504977},
{"learn":[0.008431095518],"iteration":515,"passed_time":1.107589526,"remaining_time":1.038901803},
{"learn":[0.008402391692],"iteration":516,"passed_time":1.109258035,"remaining_time":1.036308764},
{"learn":[0.008388067357],"iteration":517,"passed_time":1.110942097,"remaining_time":1.033733766},
{"learn":[0.008368452776],"iteration":518,"passed_time":1.11268576,"remaining_time":1.031217438},
{"learn":[0.008353777355],"iteration":519,"passed_time":1.11450074,"remaining_time":1.028769913},
{"learn":[0.008330271983],"iteration":520,"passed_time":1.115984447,"remaining_time":1.02602025},
{"learn":[0.008313643827],"iteration":521,"passed_time":1.117387844,"remaining_time":1.023201895},
{"learn":[0.008300699738],"iteration":522,"passed_time":1.119215615,"remaining_time":1.020776001},
{"learn":[0.008283450892],"iteration":523,"passed_time":1.120705289,"remaining_time":1.018045262},
{"learn":[0.008262051683],"iteration":524,"passed_time":1.122295228,"remaining_time":1.015409968},
{"learn":[0.008246624616],"iteration":525,"passed_time":1.123901384,"remaining_time":1.012793262},
{"learn":[0.008221478118],"iteration":526,"passed_time":1.125613075,"remaining_time":1.010275113},
{"learn":[0.008207294334],"iteration":527,"passed_time":1.127304231,"remaining_time":1.007741661},
{"learn":[0.008195868174],"iteration":528,"passed_time":1.12891185,"remaining_time":1.005137016},
{"learn":[0.008173756501],"iteration":529,"passed_time":1.130421098,"remaining_time":1.002448898},
{"learn":[0.008143425068],"iteration":530,"passed_time":1.132068313,"remaining_time":0.9998870789},
{"learn":[0.008120913655],"iteration":531,"passed_time":1.133546891,"remaining_time":0.9971803474},
{"learn":[0.008109947054],"iteration":532,"passed_time":1.135131366,"remaining_time":0.9945710088},
{"learn":[0.008085898298],"iteration":533,"passed_time":1.136637143,"remaining_time":0.9918968329},
{"learn":[0.008065568673],"iteration":534,"passed_time":1.138311535,"remaining_time":0.989373577},
{"learn":[0.008051268329],"iteration":535,"passed_time":1.139738334,"remaining_time":0.9866391546},
{"learn":[0.008027582044],"iteration":536,"passed_time":1.141240714,"remaining_time":0.983974768},
{"learn":[0.008014386407],"iteration":537,"passed_time":1.143365274,"remaining_time":0.9818489902},
{"learn":[0.008007512598],"iteration":538,"passed_time":1.145333034,"remaining_time":0.9795891074},
{"learn":[0.007994011499],"iteration":539,"passed_time":1.14681942,"remaining_time":0.9769202469},
{"learn":[0.007964867546],"iteration":540,"passed_time":1.148427,"remaining_time":0.9743585826},
{"learn":[0.007943142941],"iteration":541,"passed_time":1.15002788,"remaining_time":0.9717947769},
{"learn":[0.007925706905],"iteration":542,"passed_time":1.151628877,"remaining_time":0.9692346166},
{"learn":[0.007914664783],"iteration":543,"passed_time":1.153240904,"remaining_time":0.9666872281},
{"learn":[0.007902169952],"iteration":544,"passed_time":1.154689946,"remaining_time":0.9640072028},
{"learn":[0.007893464111],"iteration":545,"passed_time":1.156253464,"remaining_time":0.9614268727},
{"learn":[0.007869050364],"iteration":546,"passed_time":1.157738585,"remaining_time":0.9587853365},
{"learn":[0.007844830739],"iteration":547,"passed_time":1.159143157,"remaining_time":0.9560815824},
{"learn":[0.007830600788],"iteration":548,"passed_time":1.160548242,"remaining_time":0.9533829822},
{"learn":[0.007814719706],"iteration":549,"passed_time":1.161982632,"remaining_time":0.9507130623},
{"learn":[0.007805855671],"iteration":550,"passed_time":1.16337278,"remaining_time":0.9480115761},
{"learn":[0.007784634779],"iteration":551,"passed_time":1.164865387,"remaining_time":0.9453979953},
{"learn":[0.007767947069],"iteration":552,"passed_time":1.166502561,"remaining_time":0.9429053248},
{"learn":[0.00774393409],"iteration":553,"passed_time":1.168033354,"remaining_time":0.9403301008},
{"learn":[0.007727254212],"iteration":554,"passed_time":1.169601806,"remaining_time":0.9377888355},
{"learn":[0.007710793521],"iteration":555,"passed_time":1.171053536,"remaining_time":0.9351578598},
{"learn":[0.007701150321],"iteration":556,"passed_time":1.172514008,"remaining_time":0.9325380712},
{"learn":[0.007676996827],"iteration":557,"passed_time":1.174059076,"remaining_time":0.9299894471},
{"learn":[0.007659940015],"iteration":558,"passed_time":1.17565781,"remaining_time":0.927486752},
{"learn":[0.007644545135],"iteration":559,"passed_time":1.177297233,"remaining_time":0.9250192545},
{"learn":[0.007630904005],"iteration":560,"passed_time":1.178978002,"remaining_time":0.9225870642},
{"learn":[0.007606797712],"iteration":561,"passed_time":1.180532658,"remaining_time":0.9200592604},
{"learn":[0.007590106345],"iteration":562,"passed_time":1.182091952,"remaining_time":0.9175385136},
{"learn":[0.007574630693],"iteration":563,"passed_time":1.183659857,"remaining_time":0.9150278331},
{"learn":[0.007559335473],"iteration":564,"passed_time":1.18544375,"remaining_time":0.9126867811},
{"learn":[0.007539206529],"iteration":565,"passed_time":1.18750465,"remaining_time":0.9105601025},
{"learn":[0.007522297306],"iteration":566,"passed_time":1.189148718,"remaining_time":0.9081153349},
{"learn":[0.007505467674],"iteration":567,"passed_time":1.190714578,"remaining_time":0.9056139043},
{"learn":[0.007490222717],"iteration":568,"passed_time":1.192506505,"remaining_time":0.9032870015},
{"learn":[0.007469975986],"iteration":569,"passed_time":1.193937529,"remaining_time":0.9006897147},
{"learn":[0.007456078236],"iteration":570,"passed_time":1.195475363,"remaining_time":0.8981767612},
{"learn":[0.00745009465],"iteration":571,"passed_time":1.196989001,"remaining_time":0.8956491129},
{"learn":[0.007435830112],"iteration":572,"passed_time":1.198509332,"remaining_time":0.8931299908},
{"learn":[0.007423028532],"iteration":573,"passed_time":1.200106592,"remaining_time":0.8906714428},
{"learn":[0.007404988163],"iteration":574,"passed_time":1.2019439,"remaining_time":0.888393317},
{"learn":[0.007392356449],"iteration":575,"passed_time":1.203374886,"remaining_time":0.8858176247},
{"learn":[0.007377939214],"iteration":576,"passed_time":1.204940815,"remaining_time":0.8833448263},
{"learn":[0.007358214399],"iteration":577,"passed_time":1.20642583,"remaining_time":0.8808160904},
{"learn":[0.007347359843],"iteration":578,"passed_time":1.20801993,"remaining_time":0.8783702769},
{"learn":[0.007336077169],"iteration":579,"passed_time":1.209550099,"remaining_time":0.8758811064},
{"learn":[0.007328038974],"iteration":580,"passed_time":1.211042654,"remaining_time":0.8733681099},
{"learn":[0.007316056181],"iteration":581,"passed_time":1.212841803,"remaining_time":0.8710788207},
{"learn":[0.00730299018],"iteration":582,"passed_time":1.214431804,"remaining_time":0.8686416162},
{"learn":[0.007289844143],"iteration":583,"passed_time":1.215976561,"remaining_time":0.8661750848},
{"learn":[0.00727338795],"iteration":584,"passed_time":1.21792178,"remaining_time":0.863995793},
{"learn":[0.007252026645],"iteration":585,"passed_time":1.219436939,"remaining_time":0.8615134688},
{"learn":[0.007244860571],"iteration":586,"passed_time":1.220988633,"remaining_time":0.8590601456},
{"learn":[0.007230335008],"iteration":587,"passed_time":1.222480984,"remaining_time":0.8565683088},
{"learn":[0.007216419676],"iteration":588,"passed_time":1.22395976,"remaining_time":0.8540703931},
{"learn":[0.007202929515],"iteration":589,"passed_time":1.2254335,"remaining_time":0.8515724323},
{"learn":[0.007189394684],"iteration":590,"passed_time":1.227080036,"remaining_time":0.8491975207},
{"learn":[0.007174779379],"iteration":591,"passed_time":1.228510048,"remaining_time":0.8466758436},
{"learn":[0.007161286567],"iteration":592,"passed_time":1.230212098,"remaining_time":0.8443445595},
{"learn":[0.007149424041],"iteration":593,"passed_time":1.231776676,"remaining_time":0.8419214317},
{"learn":[0.007137930727],"iteration":594,"passed_time":1.23371144,"remaining_time":0.8397531653},
{"learn":[0.007124546401],"iteration":595,"passed_time":1.235264709,"remaining_time":0.8373270849},
{"learn":[0.00711221886],"iteration":596,"passed_time":1.236919279,"remaining_time":0.8349723104},
{"learn":[0.007103078669],"iteration":597,"passed_time":1.238318078,"remaining_time":0.8324479386},
{"learn":[0.007094443699],"iteration":598,"passed_time":1.239888414,"remaining_time":0.83004216},
{"learn":[0.007081048135],"iteration":599,"passed_time":1.241310713,"remaining_time":0.8275404754},
{"learn":[0.007069051921],"iteration":600,"passed_time":1.242795402,"remaining_time":0.8250838024},
{"learn":[0.007051997852],"iteration":601,"passed_time":1.244272388,"remaining_time":0.8226252664},
{"learn":[0.00703377721],"iteration":602,"passed_time":1.246083334,"remaining_time":0.8203898566},
{"learn":[0.007018275859],"iteration":603,"passed_time":1.247790011,"remaining_time":0.8180874905},
{"learn":[0.00700435812],"iteration":604,"passed_time":1.249510714,"remaining_time":0.8157962516},
{"learn":[0.006991810726],"iteration":605,"passed_time":1.251124906,"remaining_time":0.813437645},
{"learn":[0.006985731541],"iteration":606,"passed_time":1.252526521,"remaining_time":0.8109438598},
{"learn":[0.006975051799],"iteration":607,"passed_time":1.254191997,"remaining_time":0.8086237873},
{"learn":[0.006959314403],"iteration":608,"passed_time":1.255855856,"remaining_time":0.8063048272},
{"learn":[0.006948188605],"iteration":609,"passed_time":1.257318315,"remaining_time":0.8038592507},
{"learn":[0.00693079237],"iteration":610,"passed_time":1.258852022,"remaining_time":0.8014622529},
{"learn":[0.006919246386],"iteration":611,"passed_time":1.260410007,"remaining_time":0.7990834687},
{"learn":[0.006911516169],"iteration":612,"passed_time":1.262270367,"remaining_time":0.796898258},
{"learn":[0.006900019927],"iteration":613,"passed_time":1.264013533,"remaining_time":0.7946404294},
{"learn":[0.006890010234],"iteration":614,"passed_time":1.26556713,"remaining_time":0.7922656018},
{"learn":[0.00687799063],"iteration":615,"passed_time":1.267200093,"remaining_time":0.7899429153},
{"learn":[0.006872346215],"iteration":616,"passed_time":1.268896912,"remaining_time":0.7876621027},
{"learn":[0.006860258465],"iteration":617,"passed_time":1.270360216,"remaining_time":0.7852388391},
{"learn":[0.006853606211],"iteration":618,"passed_time":1.271813544,"remaining_time":0.7828125366},
{"learn":[0.006837651106],"iteration":619,"passed_time":1.273391243,"remaining_time":0.7804656008},
{"learn":[0.006820864685],"iteration":620,"passed_time":1.275111217,"remaining_time":0.7782079731},
{"learn":[0.006803922462],"iteration":621,"passed_time":1.276697206,"remaining_time":0.7758706495},
{"learn":[0.006788621935],"iteration":622,"passed_time":1.278258751,"remaining_time":0.7735209454},
{"learn":[0.00677184497],"iteration":623,"passed_time":1.279729748,"remaining_time":0.7711192073},
{"learn":[0.006757103462],"iteration":624,"passed_time":1.281399104,"remaining_time":0.7688394621},
{"learn":[0.006738202443],"iteration":625,"passed_time":1.282892925,"remaining_time":0.7664567952},
{"learn":[0.006728547991],"iteration":626,"passed_time":1.284343349,"remaining_time":0.7640511472},
{"learn":[0.006720504957],"iteration":627,"passed_time":1.285767608,"remaining_time":0.7616330418},
{"learn":[0.006711278365],"iteration":628,"passed_time":1.287324731,"remaining_time":0.7592964628},
{"learn":[0.006702150467],"iteration":629,"passed_time":1.288786944,"remaining_time":0.7569066176},
{"learn":[0.006685759737],"iteration":630,"passed_time":1.290251238,"remaining_time":0.7545209302},
{"learn":[0.006676611767],"iteration":631,"passed_time":1.29174909,"remaining_time":0.7521576977},
{"learn":[0.006663631495],"iteration":632,"passed_time":1.293457329,"remaining_time":0.7499191779},
{"learn":[0.006650513187],"iteration":633,"passed_time":1.295256614,"remaining_time":0.7477348908},
{"learn":[0.006634521779],"iteration":634,"passed_time":1.296728068,"remaining_time":0.7453633774},
{"learn":[0.006621769735],"iteration":635,"passed_time":1.298187516,"remaining_time":0.7429878238},
{"learn":[0.006610671734],"iteration":636,"passed_time":1.299922009,"remaining_time":0.7407718826},
{"learn":[0.00659067668],"iteration":637,"passed_time":1.301451312,"remaining_time":0.7384410264},
{"learn":[0.006581725654],"iteration":638,"passed_time":1.302918308,"remaining_time":0.7360774791},
{"learn":[0.006571095688],"iteration":639,"passed_time":1.304416807,"remaining_time":0.7337344541},
{"learn":[0.006551376594],"iteration":640,"passed_time":1.305882008,"remaining_time":0.7313754145},
{"learn":[0.006542312544],"iteration":641,"passed_time":1.307510304,"remaining_time":0.7291101072},
{"learn":[0.006531882346],"iteration":642,"passed_time":1.309006323,"remaining_time":0.7267733397},
{"learn":[0.006522451741],"iteration":643,"passed_time":1.310459065,"remaining_time":0.7244152594},
{"learn":[0.006512356543],"iteration":644,"passed_time":1.312041112,"remaining_time":0.7221311547},
{"learn":[0.006504025475],"iteration":645,"passed_time":1.313582698,"remaining_time":0.7198270514},
{"learn":[0.006499356646],"iteration":646,"passed_time":1.315226534,"remaining_time":0.7175810919},
{"learn":[0.006490529796],"iteration":647,"passed_time":1.316736277,"remaining_time":0.7152641504},
{"learn":[0.006481835373],"iteration":648,"passed_time":1.318381297,"remaining_time":0.7130228585},
{"learn":[0.00647150166],"iteration":649,"passed_time":1.32003653,"remaining_time":0.7107889005},
{"learn":[0.006458080196],"iteration":650,"passed_time":1.321661309,"remaining_time":0.7085403947},
{"learn":[0.006443126829],"iteration":651,"passed_time":1.323494586,"remaining_time":0.706405086},
{"learn":[0.006429760955],"iteration":652,"passed_time":1.324920936,"remaining_time":0.7040544637},
{"learn":[0.0064186072],"iteration":653,"passed_time":1.326392267,"remaining_time":0.7017304656},
{"learn":[0.00641297776],"iteration":654,"passed_time":1.327893501,"remaining_time":0.6994248212},
{"learn":[0.006398089003],"iteration":655,"passed_time":1.329525589,"remaining_time":0.6971902478},
{"learn":[0.006390366824],"iteration":656,"passed_time":1.330976182,"remaining_time":0.6948627558},
{"learn":[0.006376800575],"iteration":657,"passed_time":1.332584575,"remaining_time":0.6926199465},
{"learn":[0.006371006518],"iteration":658,"passed_time":1.334044187,"remaining_time":0.6903020756},
{"learn":[0.006361138831],"iteration":659,"passed_time":1.335509258,"remaining_time":0.6879896178},
{"learn":[0.006345570359],"iteration":660,"passed_time":1.33712403,"remaining_time":0.6857564996},
{"learn":[0.006331975188],"iteration":661,"passed_time":1.338797007,"remaining_time":0.6835549674},
{"learn":[0.006324945882],"iteration":662,"passed_time":1.340286128,"remaining_time":0.6812615763},
{"learn":[0.006311044889],"iteration":663,"passed_time":1.341798267,"remaining_time":0.6789822557},
{"learn":[0.006296541664],"iteration":664,"passed_time":1.343223789,"remaining_time":0.6766616082},
{"learn":[0.006287644672],"iteration":665,"passed_time":1.344661706,"remaining_time":0.6743498648},
{"learn":[0.006271549717],"iteration":666,"passed_time":1.346223436,"remaining_time":0.6721025551},
{"learn":[0.006264765982],"iteration":667,"passed_time":1.34797397,"remaining_time":0.6699511349},
{"learn":[0.006258562284],"iteration":668,"passed_time":1.349516447,"remaining_time":0.6676979731},
{"learn":[0.006247220137],"iteration":669,"passed_time":1.351041964,"remaining_time":0.6654385794},
{"learn":[0.006237191205],"iteration":670,"passed_time":1.3525412,"remaining_time":0.6631684872},
{"learn":[0.0062282616],"iteration":671,"passed_time":1.354004185,"remaining_time":0.6608829951},
{"learn":[0.0062166573],"iteration":672,"passed_time":1.355684112,"remaining_time":0.658705356},
{"learn":[0.006205151989],"iteration":673,"passed_time":1.357220448,"remaining_time":0.6564597419},
{"learn":[0.006199259072],"iteration":674,"passed_time":1.358691481,"remaining_time":0.6541847874},
{"learn":[0.006186865337],"iteration":675,"passed_time":1.360206346,"remaining_time":0.6519332191},
{"learn":[0.006180676252],"iteration":676,"passed_time":1.361698219,"remaining_time":0.649672858},
{"learn":[0.006175602253],"iteration":677,"passed_time":1.363124572,"remaining_time":0.6473836461},
{"learn":[0.006166727674],"iteration":678,"passed_time":1.364836536,"remaining_time":0.6452319999},
{"learn":[0.006160135699],"iteration":679,"passed_time":1.366321502,"remaining_time":0.6429748247},
{"learn":[0.006148403632],"iteration":680,"passed_time":1.368035451,"remaining_time":0.640827179},
{"learn":[0.006135792122],"iteration":681,"passed_time":1.369481475,"remaining_time":0.6385558782},
{"learn":[0.006130855243],"iteration":682,"passed_time":1.371027118,"remaining_time":0.6363332306},
{"learn":[0.006119486856],"iteration":683,"passed_time":1.372452838,"remaining_time":0.634057159},
{"learn":[0.006106685369],"iteration":684,"passed_time":1.374088068,"remaining_time":0.6318799143},
{"learn":[0.006098805777],"iteration":685,"passed_time":1.375666002,"remaining_time":0.6296780244},
{"learn":[0.006092858934],"iteration":686,"passed_time":1.377331727,"remaining_time":0.6275179482},
{"learn":[0.006076523941],"iteration":687,"passed_time":1.378862656,"remaining_time":0.625298181},
{"learn":[0.00606683953],"iteration":688,"passed_time":1.380329435,"remaining_time":0.6230514574},
{"learn":[0.006057924149],"iteration":689,"passed_time":1.382080131,"remaining_time":0.6209345518},
{"learn":[0.006044208155],"iteration":690,"passed_time":1.383579806,"remaining_time":0.6187064547},
{"learn":[0.006035530637],"iteration":691,"passed_time":1.385209427,"remaining_time":0.6165382999},
{"learn":[0.00602869808],"iteration":692,"passed_time":1.38669442,"remaining_time":0.6143076288},
{"learn":[0.006018790268],"iteration":693,"passed_time":1.388145906,"remaining_time":0.6120643333},
{"learn":[0.00600915634],"iteration":694,"passed_time":1.389841601,"remaining_time":0.6099304866},
{"learn":[0.006003111593],"iteration":695,"passed_time":1.391538592,"remaining_time":0.6077984655},
{"learn":[0.00599511032],"iteration":696,"passed_time":1.392981714,"remaining_time":0.6055573304},
{"learn":[0.005984743932],"iteration":697,"passed_time":1.394985876,"remaining_time":0.6035612244},
{"learn":[0.00597311986],"iteration":698,"passed_time":1.396445254,"remaining_time":0.6013305029},
{"learn":[0.005967157822],"iteration":699,"passed_time":1.398146756,"remaining_time":0.5992057525},
{"learn":[0.005958879585],"iteration":700,"passed_time":1.399659984,"remaining_time":0.5970019047},
{"learn":[0.005945751488],"iteration":701,"passed_time":1.401244902,"remaining_time":0.5948304568},
{"learn":[0.005942092755],"iteration":702,"passed_time":1.402734193,"remaining_time":0.592620278},
{"learn":[0.005925374635],"iteration":703,"passed_time":1.404199313,"remaining_time":0.5904019839},
{"learn":[0.005909942078],"iteration":704,"passed_time":1.40571101,"remaining_time":0.5882053161},
{"learn":[0.005904043939],"iteration":705,"passed_time":1.407209658,"remaining_time":0.5860051549},
{"learn":[0.005895579486],"iteration":706,"passed_time":1.408753833,"remaining_time":0.5838258461},
{"learn":[0.005889592112],"iteration":707,"passed_time":1.410255664,"remaining_time":0.581630867},
{"learn":[0.005880041719],"iteration":708,"passed_time":1.41193399,"remaining_time":0.5795102835},
{"learn":[0.005874750336],"iteration":709,"passed_time":1.414361268,"remaining_time":0.577696856},
{"learn":[0.005864640373],"iteration":710,"passed_time":1.416131179,"remaining_time":0.5756145015},
{"learn":[0.005858752713],"iteration":711,"passed_time":1.417859049,"remaining_time":0.5735160199},
{"learn":[0.005849038877],"iteration":712,"passed_time":1.419346955,"remaining_time":0.5713219861},
{"learn":[0.005844383573],"iteration":713,"passed_time":1.420890718,"remaining_time":0.5691523044},
{"learn":[0.005833072329],"iteration":714,"passed_time":1.422507082,"remaining_time":0.5670133125},
{"learn":[0.005826170377],"iteration":715,"passed_time":1.423938314,"remaining_time":0.564802348},
{"learn":[0.005816555722],"iteration":716,"passed_time":1.42536119,"remaining_time":0.5625902606},
{"learn":[0.005807099742],"iteration":717,"passed_time":1.426924616,"remaining_time":0.5604355733},
{"learn":[0.005793295571],"iteration":718,"passed_time":1.428467418,"remaining_time":0.5582744707},
{"learn":[0.005785251264],"iteration":719,"passed_time":1.43008143,"remaining_time":0.5561427783},
{"learn":[0.005779785156],"iteration":720,"passed_time":1.4317764,"remaining_time":0.5540438495},
{"learn":[0.005770012646],"iteration":721,"passed_time":1.433387451,"remaining_time":0.5519137278},
{"learn":[0.005754531614],"iteration":722,"passed_time":1.435016122,"remaining_time":0.5497917921},
{"learn":[0.00573991493],"iteration":723,"passed_time":1.436724667,"remaining_time":0.5477016688},
{"learn":[0.005732207038],"iteration":724,"passed_time":1.438437801,"remaining_time":0.5456143383},
{"learn":[0.005724993683],"iteration":725,"passed_time":1.440115563,"remaining_time":0.5435146891},
{"learn":[0.005719098994],"iteration":726,"passed_time":1.44197522,"remaining_time":0.5414845048},
{"learn":[0.005710363392],"iteration":727,"passed_time":1.443614214,"remaining_time":0.5393723436},
{"learn":[0.005698558221],"iteration":728,"passed_time":1.445519577,"remaining_time":0.5373605012},
{"learn":[0.005691782499],"iteration":729,"passed_time":1.447307206,"remaining_time":0.535305405},
{"learn":[0.005683686248],"iteration":730,"passed_time":1.448935958,"remaining_time":0.5331925757},
{"learn":[0.005676237057],"iteration":731,"passed_time":1.450928902,"remaining_time":0.5312144067},
{"learn":[0.005668881412],"iteration":732,"passed_time":1.452653743,"remaining_time":0.5291385392},
{"learn":[0.005659614911],"iteration":733,"passed_time":1.454264859,"remaining_time":0.5270224147},
{"learn":[0.005650664484],"iteration":734,"passed_time":1.455911641,"remaining_time":0.5249205237},
{"learn":[0.005641944287],"iteration":735,"passed_time":1.457794493,"remaining_time":0.5229045464},
{"learn":[0.005632977429],"iteration":736,"passed_time":1.459837711,"remaining_time":0.5209461574},
{"learn":[0.005624534879],"iteration":737,"passed_time":1.46176377,"remaining_time":0.5189459456},
{"learn":[0.005613411792],"iteration":738,"passed_time":1.463629587,"remaining_time":0.5169246579},
{"learn":[0.005604967927],"iteration":739,"passed_time":1.465146067,"remaining_time":0.5147810506},
{"learn":[0.00559706762],"iteration":740,"passed_time":1.466944127,"remaining_time":0.5127375557},
{"learn":[0.005587192525],"iteration":741,"passed_time":1.468695412,"remaining_time":0.5106784586},
{"learn":[0.005576437325],"iteration":742,"passed_time":1.470216746,"remaining_time":0.5085406511},
{"learn":[0.005569144583],"iteration":743,"passed_time":1.472142594,"remaining_time":0.5065436882},
{"learn":[0.005563772318],"iteration":744,"passed_time":1.474099923,"remaining_time":0.5045576918},
{"learn":[0.00555618185],"iteration":745,"passed_time":1.476115274,"remaining_time":0.5025915275},
{"learn":[0.005545570907],"iteration":746,"passed_time":1.47771733,"remaining_time":0.5004852537},
{"learn":[0.005539312461],"iteration":747,"passed_time":1.479291409,"remaining_time":0.4983709026},
{"learn":[0.005533891334],"iteration":748,"passed_time":1.480899407,"remaining_time":0.4962693606},
{"learn":[0.005527412454],"iteration":749,"passed_time":1.482428529,"remaining_time":0.4941428431},
{"learn":[0.005520953283],"iteration":750,"passed_time":1.484281583,"remaining_time":0.4921253186},
{"learn":[0.005509499432],"iteration":751,"passed_time":1.48602717,"remaining_time":0.49007279},
{"learn":[0.00550157126],"iteration":752,"passed_time":1.48770339,"remaining_time":0.4879983231},
{"learn":[0.005489962348],"iteration":753,"passed_time":1.489392754,"remaining_time":0.4859292011},
{"learn":[0.005481579782],"iteration":754,"passed_time":1.491094733,"remaining_time":0.4838651781},
{"learn":[0.005468608637],"iteration":755,"passed_time":1.492877593,"remaining_time":0.4818282177},
{"learn":[0.005461122458],"iteration":756,"passed_time":1.494531563,"remaining_time":0.4797505545},
{"learn":[0.005450094017],"iteration":757,"passed_time":1.496292198,"remaining_time":0.4777080631},
{"learn":[0.005440966761],"iteration":758,"passed_time":1.497956205,"remaining_time":0.4756356329},
{"learn":[0.005433563041],"iteration":759,"passed_time":1.499473776,"remaining_time":0.4735180345},
{"learn":[0.005425628863],"iteration":760,"passed_time":1.501025701,"remaining_time":0.4714128021},
{"learn":[0.005414151935],"iteration":761,"passed_time":1.50263417,"remaining_time":0.4693266831},
{"learn":[0.00541000181],"iteration":762,"passed_time":1.50419373,"remaining_time":0.4672266238},
{"learn":[0.005400012893],"iteration":763,"passed_time":1.505929477,"remaining_time":0.4651824038},
{"learn":[0.005389582989],"iteration":764,"passed_time":1.507815834,"remaining_time":0.4631852561},
{"learn":[0.005379955843],"iteration":765,"passed_time":1.509688483,"remaining_time":0.4611842104},
{"learn":[0.005373194647],"iteration":766,"passed_time":1.511379303,"remaining_time":0.4591282627},
{"learn":[0.005363279248],"iteration":767,"passed_time":1.513011375,"remaining_time":0.4570555195},
{"learn":[0.005357089249],"iteration":768,"passed_time":1.514664426,"remaining_time":0.4549902242},
{"learn":[0.005350687284],"iteration":769,"passed_time":1.516299999,"remaining_time":0.4529207788},
{"learn":[0.005341389332],"iteration":770,"passed_time":1.517904806,"remaining_time":0.4508433212},
{"learn":[0.00533710076],"iteration":771,"passed_time":1.519555034,"remaining_time":0.4487805023},
{"learn":[0.005323512902],"iteration":772,"passed_time":1.521041422,"remaining_time":0.4466706376},
{"learn":[0.005318741598],"iteration":773,"passed_time":1.522858438,"remaining_time":0.4446589236},
{"learn":[0.005310374706],"iteration":774,"passed_time":1.524540108,"remaining_time":0.4426084184},
{"learn":[0.005301745319],"iteration":775,"passed_time":1.526297003,"remaining_time":0.4405805781},
{"learn":[0.005296601556],"iteration":776,"passed_time":1.5282275,"remaining_time":0.4386032595},
{"learn":[0.005289270238],"iteration":777,"passed_time":1.52990891,"remaining_time":0.4365549847},
{"learn":[0.0052814189],"iteration":778,"passed_time":1.531852626,"remaining_time":0.4345820673},
{"learn":[0.005275510595],"iteration":779,"passed_time":1.5337114,"remaining_time":0.4325852666},
{"learn":[0.005265428519],"iteration":780,"passed_time":1.535551069,"remaining_time":0.4305834624},
{"learn":[0.005259055842],"iteration":781,"passed_time":1.53726271,"remaining_time":0.4285463819},
{"learn":[0.005248245571],"iteration":782,"passed_time":1.538823322,"remaining_time":0.426468277},
{"learn":[0.005236286618],"iteration":783,"passed_time":1.540457223,"remaining_time":0.4244116838},
{"learn":[0.005228352213],"iteration":784,"passed_time":1.542366214,"remaining_time":0.4224315109},
{"learn":[0.005220110779],"iteration":785,"passed_time":1.544026861,"remaining_time":0.4203839037},
{"learn":[0.005216202368],"iteration":786,"passed_time":1.545689786,"remaining_time":0.4183378965},
{"learn":[0.00521044063],"iteration":787,"passed_time":1.547442534,"remaining_time":0.416317027},
{"learn":[0.005201801942],"iteration":788,"passed_time":1.549243461,"remaining_time":0.4143097215},
{"learn":[0.005195702085],"iteration":789,"passed_time":1.55095178,"remaining_time":0.4122783212},
{"learn":[0.00518737115],"iteration":790,"passed_time":1.552647021,"remaining_time":0.4102442824},
{"learn":[0.005178657632],"iteration":791,"passed_time":1.554190795,"remaining_time":0.4081713199},
{"learn":[0.005170890452],"iteration":792,"passed_time":1.556246083,"remaining_time":0.4062332147},
{"learn":[0.005162265774],"iteration":793,"passed_time":1.558053677,"remaining_time":0.4042305508},
{"learn":[0.005159422538],"iteration":794,"passed_time":1.559976498,"remaining_time":0.4022580906},
{"learn":[0.005153489342],"iteration":795,"passed_time":1.561998977,"remaining_time":0.4003112957},
{"learn":[0.005145813037],"iteration":796,"passed_time":1.564095107,"remaining_time":0.3983830699},
{"learn":[0.00514140158],"iteration":797,"passed_time":1.56585647,"remaining_time":0.3963696828},
{"learn":[0.005135907539],"iteration":798,"passed_time":1.567633766,"remaining_time":0.3943609349},
{"learn":[0.005126467794],"iteration":799,"passed_time":1.569193674,"remaining_time":0.3922984185},
{"learn":[0.005114748298],"iteration":800,"passed_time":1.570920961,"remaining_time":0.3902787407},
{"learn":[0.005109302863],"iteration":801,"passed_time":1.572555424,"remaining_time":0.3882368753},
{"learn":[0.005103598414],"iteration":802,"passed_time":1.574291961,"remaining_time":0.3862210663},
{"learn":[0.005095936952],"iteration":803,"passed_time":1.575913725,"remaining_time":0.3841779728},
{"learn":[0.005086369227],"iteration":804,"passed_time":1.577720081,"remaining_time":0.3821806408},
{"learn":[0.005077448463],"iteration":805,"passed_time":1.579211654,"remaining_time":0.380108016},
{"learn":[0.005069400485],"iteration":806,"passed_time":1.580746288,"remaining_time":0.3780471296},
{"learn":[0.005060983728],"iteration":807,"passed_time":1.582347872,"remaining_time":0.3760034547},
{"learn":[0.005056458601],"iteration":808,"passed_time":1.58380094,"remaining_time":0.373925809},
{"learn":[0.005052113822],"iteration":809,"passed_time":1.585380108,"remaining_time":0.3718792845},
{"learn":[0.005045963352],"iteration":810,"passed_time":1.587018912,"remaining_time":0.3698478106},
{"learn":[0.005038968024],"iteration":811,"passed_time":1.588473504,"remaining_time":0.3677746537},
{"learn":[0.005029462128],"iteration":812,"passed_time":1.590144193,"remaining_time":0.3657527234},
{"learn":[0.005023793414],"iteration":813,"passed_time":1.59206512,"remaining_time":0.3637888359},
{"learn":[0.005016332436],"iteration":814,"passed_time":1.593585537,"remaining_time":0.3617341404},
{"learn":[0.005011459353],"iteration":815,"passed_time":1.595116077,"remaining_time":0.359683037},
{"learn":[0.005004750597],"iteration":816,"passed_time":1.596750845,"remaining_time":0.357656554},
{"learn":[0.005000543739],"iteration":817,"passed_time":1.598229025,"remaining_time":0.3555961889},
{"learn":[0.004992207996],"iteration":818,"passed_time":1.599854827,"remaining_time":0.3535698703},
{"learn":[0.004989191054],"iteration":819,"passed_time":1.601429335,"remaining_time":0.3515332687},
{"learn":[0.004982682911],"iteration":820,"passed_time":1.602846881,"remaining_time":0.3494635709},
{"learn":[0.004977327719],"iteration":821,"passed_time":1.604626781,"remaining_time":0.3474739257},
{"learn":[0.004973099997],"iteration":822,"passed_time":1.606087457,"remaining_time":0.3454161359},
{"learn":[0.00496364673],"iteration":823,"passed_time":1.607646353,"remaining_time":0.3433807744},
{"learn":[0.004957832418],"iteration":824,"passed_time":1.609084575,"remaining_time":0.3413209704},
{"learn":[0.004949217099],"iteration":825,"passed_time":1.610558177,"remaining_time":0.3392701245},
{"learn":[0.004944130279],"iteration":826,"passed_time":1.6121222,"remaining_time":0.3372395895},
{"learn":[0.004939373227],"iteration":827,"passed_time":1.613612387,"remaining_time":0.3351948437},
{"learn":[0.004932805554],"iteration":828,"passed_time":1.615092693,"remaining_time":0.3331493976},
{"learn":[0.004929404471],"iteration":829,"passed_time":1.616821644,"remaining_time":0.3311562403},
{"learn":[0.004923809345],"iteration":830,"passed_time":1.618303716,"remaining_time":0.3291135115},
{"learn":[0.004914156659],"iteration":831,"passed_time":1.619995311,"remaining_time":0.3271144378},
{"learn":[0.004906300809],"iteration":832,"passed_time":1.621652335,"remaining_time":0.3251091716},
{"learn":[0.004897480218],"iteration":833,"passed_time":1.623157977,"remaining_time":0.3230746093},
{"learn":[0.004889938417],"iteration":834,"passed_time":1.62467411,"remaining_time":0.3210433871},
{"learn":[0.00488276222],"iteration":835,"passed_time":1.626266598,"remaining_time":0.3190283756},
{"learn":[0.004879230569],"iteration":836,"passed_time":1.627963757,"remaining_time":0.3170347579},
{"learn":[0.004871108511],"iteration":837,"passed_time":1.629523181,"remaining_time":0.3150152211},
{"learn":[0.004864077691],"iteration":838,"passed_time":1.631101434,"remaining_time":0.3130003944},
{"learn":[0.004856102665],"iteration":839,"passed_time":1.632799835,"remaining_time":0.3110094924},
{"learn":[0.004850373911],"iteration":840,"passed_time":1.634466241,"remaining_time":0.3090132371},
{"learn":[0.004846279026],"iteration":841,"passed_time":1.635930556,"remaining_time":0.3069798431},
{"learn":[0.004839127152],"iteration":842,"passed_time":1.637526157,"remaining_time":0.3049722499},
{"learn":[0.004830388636],"iteration":843,"passed_time":1.639085889,"remaining_time":0.3029590032},
{"learn":[0.00482349496],"iteration":844,"passed_time":1.640715344,"remaining_time":0.3009596192},
{"learn":[0.004818760757],"iteration":845,"passed_time":1.64216219,"remaining_time":0.2989278691},
{"learn":[0.004813715129],"iteration":846,"passed_time":1.64363995,"remaining_time":0.2969030843},
{"learn":[0.004805851816],"iteration":847,"passed_time":1.645315665,"remaining_time":0.2949150721},
{"learn":[0.004799469927],"iteration":848,"passed_time":1.646789461,"remaining_time":0.292891883},
{"learn":[0.00479447658],"iteration":849,"passed_time":1.648334436,"remaining_time":0.2908825476},
{"learn":[0.004786100718],"iteration":850,"passed_time":1.650081325,"remaining_time":0.2889096563},
{"learn":[0.004782178436],"iteration":851,"passed_time":1.651553491,"remaining_time":0.2868895736},
{"learn":[0.004775586076],"iteration":852,"passed_time":1.653131766,"remaining_time":0.2848890618},
{"learn":[0.004769719674],"iteration":853,"passed_time":1.654675471,"remaining_time":0.2828836286},
{"learn":[0.00476412977],"iteration":854,"passed_time":1.656248178,"remaining_time":0.2808841939},
{"learn":[0.004757409824],"iteration":855,"passed_time":1.657903652,"remaining_time":0.2788996798},
{"learn":[0.004748638125],"iteration":856,"passed_time":1.659524569,"remaining_time":0.2769101672},
{"learn":[0.004744958947],"iteration":857,"passed_time":1.660986587,"remaining_time":0.274895216},
{"learn":[0.004741014398],"iteration":858,"passed_time":1.662659876,"remaining_time":0.272916231},
{"learn":[0.004735401158],"iteration":859,"passed_time":1.664209592,"remaining_time":0.2709178406},
{"learn":[0.004731208953],"iteration":860,"passed_time":1.665902521,"remaining_time":0.2689436125},
{"learn":[0.00472679722],"iteration":861,"passed_time":1.66746005,"remaining_time":0.2669483607},
{"learn":[0.004719271797],"iteration":862,"passed_time":1.669135255,"remaining_time":0.2649728041},
{"learn":[0.004712191865],"iteration":863,"passed_time":1.670838222,"remaining_time":0.2630023128},
{"learn":[0.004707653236],"iteration":864,"passed_time":1.672273161,"remaining_time":0.2609906089},
{"learn":[0.00470321494],"iteration":865,"passed_time":1.673697823,"remaining_time":0.2589786469},
{"learn":[0.00469678566],"iteration":866,"passed_time":1.675195741,"remaining_time":0.2569792775},
{"learn":[0.004693422762],"iteration":867,"passed_time":1.676612457,"remaining_time":0.2549687146},
{"learn":[0.004687798779],"iteration":868,"passed_time":1.678106551,"remaining_time":0.2529711832},
{"learn":[0.004677323471],"iteration":869,"passed_time":1.679656238,"remaining_time":0.2509831161},
{"learn":[0.004670660792],"iteration":870,"passed_time":1.681103454,"remaining_time":0.2489808789},
{"learn":[0.004665184483],"iteration":871,"passed_time":1.683075817,"remaining_time":0.2470570007},
{"learn":[0.004661650271],"iteration":872,"passed_time":1.68463659,"remaining_time":0.2450731351},
{"learn":[0.004653757096],"iteration":873,"passed_time":1.686225614,"remaining_time":0.2430943105},
{"learn":[0.004648319327],"iteration":874,"passed_time":1.687911966,"remaining_time":0.2411302808},
{"learn":[0.004644599525],"iteration":875,"passed_time":1.689319538,"remaining_time":0.2391274232},
{"learn":[0.004639614534],"iteration":876,"passed_time":1.690843033,"remaining_time":0.2371421813},
{"learn":[0.004632840474],"iteration":877,"passed_time":1.692467411,"remaining_time":0.2351720093},
{"learn":[0.004624611031],"iteration":878,"passed_time":1.694162147,"remaining_time":0.2332123092},
{"learn":[0.00462062167],"iteration":879,"passed_time":1.695869424,"remaining_time":0.2312549214},
{"learn":[0.004614720691],"iteration":880,"passed_time":1.697349388,"remaining_time":0.2292673975},
{"learn":[0.004607724724],"iteration":881,"passed_time":1.698829103,"remaining_time":0.2272809911},
{"learn":[0.004603300808],"iteration":882,"passed_time":1.700295134,"remaining_time":0.2252939192},
{"learn":[0.004596629228],"iteration":883,"passed_time":1.701851991,"remaining_time":0.2233199445},
{"learn":[0.004588420789],"iteration":884,"passed_time":1.703378082,"remaining_time":0.2213429147},
{"learn":[0.004584819339],"iteration":885,"passed_time":1.704867618,"remaining_time":0.2193621991},
{"learn":[0.004580032407],"iteration":886,"passed_time":1.706478585,"remaining_time":0.217398061},
{"learn":[0.00457287906],"iteration":887,"passed_time":1.707919774,"remaining_time":0.2154133048},
{"learn":[0.004565408594],"iteration":888,"passed_time":1.709339493,"remaining_time":0.2134270908},
{"learn":[0.004559426608],"iteration":889,"passed_time":1.710809396,"remaining_time":0.2114483524},
{"learn":[0.004552594686],"iteration":890,"passed_time":1.712371297,"remaining_time":0.2094820105},
{"learn":[0.004549300031],"iteration":891,"passed_time":1.713967879,"remaining_time":0.2075207746},
{"learn":[0.004543485261],"iteration":892,"passed_time":1.715511272,"remaining_time":0.2055539822},
{"learn":[0.004534955145],"iteration":893,"passed_time":1.717015482,"remaining_time":0.2035834912},
{"learn":[0.004526285911],"iteration":894,"passed_time":1.718738304,"remaining_time":0.2016396893},
{"learn":[0.004521514918],"iteration":895,"passed_time":1.72024358,"remaining_time":0.1996711298},
{"learn":[0.004513825412],"iteration":896,"passed_time":1.721726561,"remaining_time":0.1977010432},
{"learn":[0.004511112981],"iteration":897,"passed_time":1.723337029,"remaining_time":0.1957465223},
{"learn":[0.004503189507],"iteration":898,"passed_time":1.724768167,"remaining_time":0.1937726194},
{"learn":[0.004496142093],"iteration":899,"passed_time":1.726239261,"remaining_time":0.1918043623},
{"learn":[0.004490954476],"iteration":900,"passed_time":1.727776681,"remaining_time":0.1898444966},
{"learn":[0.004488345177],"iteration":901,"passed_time":1.729323779,"remaining_time":0.187886619},
{"learn":[0.004481404901],"iteration":902,"passed_time":1.730830572,"remaining_time":0.1859253217},
{"learn":[0.00447829587],"iteration":903,"passed_time":1.732361557,"remaining_time":0.183967599},
{"learn":[0.004475002368],"iteration":904,"passed_time":1.733793905,"remaining_time":0.1820004652},
{"learn":[0.004471162813],"iteration":905,"passed_time":1.735274064,"remaining_time":0.1800394725},
{"learn":[0.004466858947],"iteration":906,"passed_time":1.736951467,"remaining_time":0.1780997646},
{"learn":[0.004462633867],"iteration":907,"passed_time":1.738395002,"remaining_time":0.1761369385},
{"learn":[0.00445729894],"iteration":908,"passed_time":1.740086103,"remaining_time":0.1742000389},
{"learn":[0.004451346812],"iteration":909,"passed_time":1.741548751,"remaining_time":0.1722410852},
{"learn":[0.004447637645],"iteration":910,"passed_time":1.743297511,"remaining_time":0.1703111729},
{"learn":[0.004442868423],"iteration":911,"passed_time":1.744905869,"remaining_time":0.1683681101},
{"learn":[0.004439884166],"iteration":912,"passed_time":1.746777034,"remaining_time":0.1664508237},
{"learn":[0.004435516363],"iteration":913,"passed_time":1.748296475,"remaining_time":0.1645005436},
{"learn":[0.004428968342],"iteration":914,"passed_time":1.749932406,"remaining_time":0.1625620268},
{"learn":[0.004423883513],"iteration":915,"passed_time":1.751487549,"remaining_time":0.1606167621},
{"learn":[0.004418510921],"iteration":916,"passed_time":1.753094211,"remaining_time":0.1586770114},
{"learn":[0.004413101483],"iteration":917,"passed_time":1.754588736,"remaining_time":0.1567279699},
{"learn":[0.00440689904],"iteration":918,"passed_time":1.756141664,"remaining_time":0.154785065},
{"learn":[0.00440168392],"iteration":919,"passed_time":1.757673696,"remaining_time":0.1528411909},
{"learn":[0.004397847171],"iteration":920,"passed_time":1.759240332,"remaining_time":0.1509011794},
{"learn":[0.004393723969],"iteration":921,"passed_time":1.760806493,"remaining_time":0.1489619376},
{"learn":[0.004390467885],"iteration":922,"passed_time":1.762451416,"remaining_time":0.1470300748},
{"learn":[0.004382775058],"iteration":923,"passed_time":1.764054724,"remaining_time":0.1450954102},
{"learn":[0.004378386055],"iteration":924,"passed_time":1.765491176,"remaining_time":0.1431479332},
{"learn":[0.004374334022],"iteration":925,"passed_time":1.766947506,"remaining_time":0.1412031484},
{"learn":[0.004369243766],"iteration":926,"passed_time":1.768566952,"remaining_time":0.1392722627},
{"learn":[0.004365974421],"iteration":927,"passed_time":1.770398982,"remaining_time":0.1373585417},
{"learn":[0.004361503924],"iteration":928,"passed_time":1.771874018,"remaining_time":0.1354177129},
{"learn":[0.004354413573],"iteration":929,"passed_time":1.773332693,"remaining_time":0.1334766543},
{"learn":[0.004347750494],"iteration":930,"passed_time":1.775003047,"remaining_time":0.1315523203},
{"learn":[0.004341089093],"iteration":931,"passed_time":1.776472093,"remaining_time":0.1296138437},
{"learn":[0.004336451924],"iteration":932,"passed_time":1.778070109,"remaining_time":0.1276856349},
{"learn":[0.004331911146],"iteration":933,"passed_time":1.77953061,"remaining_time":0.1257484157},
{"learn":[0.004328929943],"iteration":934,"passed_time":1.780943147,"remaining_time":0.1238088819},
{"learn":[0.004324328467],"iteration":935,"passed_time":1.782378629,"remaining_time":0.121872043},
{"learn":[0.004320965905],"iteration":936,"passed_time":1.783985054,"remaining_time":0.1199477677},
{"learn":[0.004317016268],"iteration":937,"passed_time":1.785585733,"remaining_time":0.1180237905},
{"learn":[0.004312424519],"iteration":938,"passed_time":1.787196434,"remaining_time":0.1161011528},
{"learn":[0.004309829715],"iteration":939,"passed_time":1.788931993,"remaining_time":0.1141871485},
{"learn":[0.004302396422],"iteration":940,"passed_time":1.790595549,"remaining_time":0.1122690089},
{"learn":[0.004297251098],"iteration":941,"passed_time":1.792418228,"remaining_time":0.1103612072},
{"learn":[0.00429221731],"iteration":942,"passed_time":1.79392134,"remaining_time":0.1084342698},
{"learn":[0.004287916071],"iteration":943,"passed_time":1.795558392,"remaining_time":0.1065161758},
{"learn":[0.004283662346],"iteration":944,"passed_time":1.797061859,"remaining_time":0.1045909019},
{"learn":[0.004280795203],"iteration":945,"passed_time":1.798575929,"remaining_time":0.1026671249},
{"learn":[0.004276569211],"iteration":946,"passed_time":1.800059199,"remaining_time":0.1007424895},
{"learn":[0.004271322144],"iteration":947,"passed_time":1.801507223,"remaining_time":0.09881685189},
{"learn":[0.004267900438],"iteration":948,"passed_time":1.803028465,"remaining_time":0.09689615564},
{"learn":[0.004263110234],"iteration":949,"passed_time":1.804667301,"remaining_time":0.09498248953},
{"learn":[0.004257224661],"iteration":950,"passed_time":1.806385625,"remaining_time":0.09307349699},
{"learn":[0.004252288078],"iteration":951,"passed_time":1.808044233,"remaining_time":0.09116189412},
{"learn":[0.004247219866],"iteration":952,"passed_time":1.809544399,"remaining_time":0.08924300816},
{"learn":[0.004244010868],"iteration":953,"passed_time":1.810935642,"remaining_time":0.08731974796},
{"learn":[0.004240073926],"iteration":954,"passed_time":1.812404327,"remaining_time":0.08540125101},
{"learn":[0.004236874008],"iteration":955,"passed_time":1.813971562,"remaining_time":0.08348823088},
{"learn":[0.004231368979],"iteration":956,"passed_time":1.815776851,"remaining_time":0.08158662968},
{"learn":[0.004227970896],"iteration":957,"passed_time":1.817453328,"remaining_time":0.07967958222},
{"learn":[0.004221337711],"iteration":958,"passed_time":1.819194546,"remaining_time":0.07777578353},
{"learn":[0.004218175248],"iteration":959,"passed_time":1.820960353,"remaining_time":0.07587334804},
{"learn":[0.004209633111],"iteration":960,"passed_time":1.822503214,"remaining_time":0.07396214917},
{"learn":[0.004205423608],"iteration":961,"passed_time":1.824048817,"remaining_time":0.07205182438},
{"learn":[0.004198883079],"iteration":962,"passed_time":1.82551589,"remaining_time":0.07013923981},
{"learn":[0.004192845993],"iteration":963,"passed_time":1.827140208,"remaining_time":0.06823345175},
{"learn":[0.004187791902],"iteration":964,"passed_time":1.828668654,"remaining_time":0.06632476983},
{"learn":[0.004183387483],"iteration":965,"passed_time":1.830304973,"remaining_time":0.06442067194},
{"learn":[0.004178145404],"iteration":966,"passed_time":1.832035829,"remaining_time":0.06252035403},
{"learn":[0.004174300251],"iteration":967,"passed_time":1.833646024,"remaining_time":0.06061639749},
{"learn":[0.004168945924],"iteration":968,"passed_time":1.835711077,"remaining_time":0.05872759895},
{"learn":[0.004164489476],"iteration":969,"passed_time":1.837859567,"remaining_time":0.05684101753},
{"learn":[0.00415989054],"iteration":970,"passed_time":1.839418352,"remaining_time":0.05493628446},
{"learn":[0.004155571206],"iteration":971,"passed_time":1.841101007,"remaining_time":0.05303583148},
{"learn":[0.004150459044],"iteration":972,"passed_time":1.84277398,"remaining_time":0.0511355575},
{"learn":[0.004146189147],"iteration":973,"passed_time":1.844639808,"remaining_time":0.04924089837},
{"learn":[0.004143072078],"iteration":974,"passed_time":1.846188181,"remaining_time":0.04733815848},
{"learn":[0.004136939808],"iteration":975,"passed_time":1.848008911,"remaining_time":0.04544284208},
{"learn":[0.004134355839],"iteration":976,"passed_time":1.849772525,"remaining_time":0.04354633375},
{"learn":[0.004129724988],"iteration":977,"passed_time":1.851426955,"remaining_time":0.04164764112},
{"learn":[0.004124681917],"iteration":978,"passed_time":1.853087353,"remaining_time":0.03974957549},
{"learn":[0.004117555095],"iteration":979,"passed_time":1.854736114,"remaining_time":0.03785175744},
{"learn":[0.004114719736],"iteration":980,"passed_time":1.856227584,"remaining_time":0.03595140072},
{"learn":[0.004109858875],"iteration":981,"passed_time":1.857670757,"remaining_time":0.03405099148},
{"learn":[0.00410381729],"iteration":982,"passed_time":1.859216715,"remaining_time":0.03215329008},
{"learn":[0.004099534682],"iteration":983,"passed_time":1.86086823,"remaining_time":0.03025802},
{"learn":[0.004094279712],"iteration":984,"passed_time":1.862405108,"remaining_time":0.0283614991},
{"learn":[0.004090142577],"iteration":985,"passed_time":1.863834686,"remaining_time":0.02646418419},
{"learn":[0.004085965301],"iteration":986,"passed_time":1.865397674,"remaining_time":0.02456957423},
{"learn":[0.004078966295],"iteration":987,"passed_time":1.866917692,"remaining_time":0.02267511367},
{"learn":[0.004073746972],"iteration":988,"passed_time":1.868526493,"remaining_time":0.0207823978},
{"learn":[0.004068729646],"iteration":989,"passed_time":1.870003114,"remaining_time":0.01888892034},
{"learn":[0.00406573176],"iteration":990,"passed_time":1.871470816,"remaining_time":0.01699620318},
{"learn":[0.004058024463],"iteration":991,"passed_time":1.872987837,"remaining_time":0.01510474062},
{"learn":[0.00405336621],"iteration":992,"passed_time":1.874617667,"remaining_time":0.01321482746},
{"learn":[0.004048466825],"iteration":993,"passed_time":1.876060512,"remaining_time":0.01132430893},
{"learn":[0.004042094045],"iteration":994,"passed_time":1.877484243,"remaining_time":0.009434594187},
{"learn":[0.004038620314],"iteration":995,"passed_time":1.878988925,"remaining_time":0.007546140262},
{"learn":[0.004032636348],"iteration":996,"passed_time":1.880510785,"remaining_time":0.00565850788},
{"learn":[0.004027155282],"iteration":997,"passed_time":1.881995297,"remaining_time":0.003771533661},
{"learn":[0.004024331312],"iteration":998,"passed_time":1.883510035,"remaining_time":0.00188539543},
{"learn":[0.004016520036],"iteration":999,"passed_time":1.885042521,"remaining_time":0}
]}